"","Date_input","Date_recapture","Frequency","Species","Fin_cut","Length","Weight","State","Class_1","Class_2.1","Class_2.2","Class_2.3","Class_3.1","Class_3.2","Class_3.3","Class_3.4","Class_3.5","Class_3.6","Class_3.7","Class_4","SampleSize","Capture_Location","Location","Pump_type","Individuals_ID","Frequency_theoretical","Control","number_of_released_fish","Remarks","number_of_released_fish_per_scenario","Number_Injuries","Pump_type_Frequency","Pump_type_Frequency_Controle","Scenario_rep","Scenario_control","Species_Fin_cut","Injury_type_no","Injury_type_slight","Injury_type_severe","Injury_type_dead","rpm","Pump_type_rpm"
"1",2018-12-18,2018-12-18,"40","bream","geen 2018-12-18",377,995,"Dead",0,0,0,0,0,1,0,0,0,0,0,0,NA,NA,"OK","F/N",1,"40","pump",100,NA,155,1,"F/N 40","40 F/N nee","F/N 40 brasem geen 2018-12-18","brasem 2018-12-18","brasem geen 2018-12-18",0,0,1,0,"468","F/N - 468 rpm"
"2",2018-12-18,2018-12-18,"40","bream","geen 2018-12-18",400,862,"Dead",0,0,0,0,0,1,0,0,0,0,0,1,NA,NA,"OK","F/N",2,"40","pump",100,NA,155,2,"F/N 40","40 F/N nee","F/N 40 brasem geen 2018-12-18","brasem 2018-12-18","brasem geen 2018-12-18",0,0,1,1,"468","F/N - 468 rpm"
"3",2018-12-18,2018-12-18,"40","bream","geen 2018-12-18",400,951,"Dead",0,0,0,1,0,1,0,0,0,0,0,1,NA,NA,"OK","F/N",3,"40","pump",100,NA,155,3,"F/N 40","40 F/N nee","F/N 40 brasem geen 2018-12-18","brasem 2018-12-18","brasem geen 2018-12-18",0,0,1,1,"468","F/N - 468 rpm"
"4",2018-12-18,2018-12-18,"40","bream","geen 2018-12-18",335,642,"Dead",0,0,0,0,1,0,0,0,0,1,0,1,NA,NA,"OK","F/N",4,"40","pump",100,NA,155,3,"F/N 40","40 F/N nee","F/N 40 brasem geen 2018-12-18","brasem 2018-12-18","brasem geen 2018-12-18",0,0,1,1,"468","F/N - 468 rpm"
"5",2018-12-18,2018-12-18,"40","bream","geen 2018-12-18",380,986,"Dead",0,0,0,1,0,0,0,0,1,0,0,1,NA,NA,"OK","F/N",5,"40","pump",100,NA,155,3,"F/N 40","40 F/N nee","F/N 40 brasem geen 2018-12-18","brasem 2018-12-18","brasem geen 2018-12-18",0,0,1,1,"468","F/N - 468 rpm"
"6",2018-12-18,2018-12-18,"40","bream","geen 2018-12-18",375,977,"Dead",0,0,0,0,0,0,0,0,0,1,0,1,NA,NA,"OK","F/N",6,"40","pump",100,NA,155,2,"F/N 40","40 F/N nee","F/N 40 brasem geen 2018-12-18","brasem 2018-12-18","brasem geen 2018-12-18",0,0,1,1,"468","F/N - 468 rpm"
"7",2018-12-18,2018-12-18,"40","bream","geen 2018-12-18",344,632,"Dead",0,0,0,0,0,0,0,0,1,0,0,0,NA,NA,"OK","F/N",7,"40","pump",100,NA,155,1,"F/N 40","40 F/N nee","F/N 40 brasem geen 2018-12-18","brasem 2018-12-18","brasem geen 2018-12-18",0,0,1,0,"468","F/N - 468 rpm"
"8",2018-12-18,2018-12-18,"40","bream","geen 2018-12-18",394,1217,"Dead",0,0,0,0,0,0,0,0,0,1,0,0,NA,NA,"OK","F/N",8,"40","pump",100,NA,155,1,"F/N 40","40 F/N nee","F/N 40 brasem geen 2018-12-18","brasem 2018-12-18","brasem geen 2018-12-18",0,0,1,0,"468","F/N - 468 rpm"
"9",2018-12-18,2018-12-18,"40","bream","geen 2018-12-18",450,1922,"Dead",0,0,0,0,0,1,0,0,1,1,0,0,NA,NA,"OK","F/N",9,"40","pump",100,NA,155,3,"F/N 40","40 F/N nee","F/N 40 brasem geen 2018-12-18","brasem 2018-12-18","brasem geen 2018-12-18",0,0,1,0,"468","F/N - 468 rpm"
"10",2018-12-18,2018-12-18,"40","bream","geen 2018-12-18",373,988,"Dead",0,0,0,0,0,1,0,0,1,1,0,0,NA,NA,"OK","F/N",10,"40","pump",100,NA,155,3,"F/N 40","40 F/N nee","F/N 40 brasem geen 2018-12-18","brasem 2018-12-18","brasem geen 2018-12-18",0,0,1,0,"468","F/N - 468 rpm"
"11",2018-12-18,2018-12-18,"40","bream","geen 2018-12-18",425,1358,"Dead",0,0,0,0,0,1,0,0,0,1,0,1,NA,NA,"OK","F/N",11,"40","pump",100,NA,155,3,"F/N 40","40 F/N nee","F/N 40 brasem geen 2018-12-18","brasem 2018-12-18","brasem geen 2018-12-18",0,0,1,1,"468","F/N - 468 rpm"
"12",2018-12-18,2018-12-18,"40","bream","geen 2018-12-18",354,760,"Dead",0,0,0,0,0,1,0,0,1,1,0,0,NA,NA,"OK","F/N",12,"40","pump",100,NA,155,3,"F/N 40","40 F/N nee","F/N 40 brasem geen 2018-12-18","brasem 2018-12-18","brasem geen 2018-12-18",0,0,1,0,"468","F/N - 468 rpm"
"13",2018-12-18,2018-12-18,"40","bream","geen 2018-12-18",435,1639,"Dead",0,0,0,0,0,1,0,0,0,0,0,0,NA,NA,"OK","F/N",13,"40","pump",100,NA,155,1,"F/N 40","40 F/N nee","F/N 40 brasem geen 2018-12-18","brasem 2018-12-18","brasem geen 2018-12-18",0,0,1,0,"468","F/N - 468 rpm"
"14",2018-12-18,2018-12-18,"40","bream","geen 2018-12-18",445,1706,"Dead",0,0,0,0,1,0,0,0,0,1,0,0,NA,NA,"OK","F/N",14,"40","pump",100,NA,155,2,"F/N 40","40 F/N nee","F/N 40 brasem geen 2018-12-18","brasem 2018-12-18","brasem geen 2018-12-18",0,0,1,0,"468","F/N - 468 rpm"
"15",2018-12-18,2018-12-18,"40","bream","geen 2018-12-18",490,1203,"Dead",0,0,0,0,0,0,0,0,0,1,0,0,NA,NA,"OK","F/N",15,"40","pump",100,NA,155,1,"F/N 40","40 F/N nee","F/N 40 brasem geen 2018-12-18","brasem 2018-12-18","brasem geen 2018-12-18",0,0,1,0,"468","F/N - 468 rpm"
"16",2018-12-18,2018-12-18,"40","bream","geen 2018-12-18",458,1525,"Dead",0,0,0,0,1,1,0,0,0,1,0,0,NA,NA,"OK","F/N",16,"40","pump",100,NA,155,3,"F/N 40","40 F/N nee","F/N 40 brasem geen 2018-12-18","brasem 2018-12-18","brasem geen 2018-12-18",0,0,1,0,"468","F/N - 468 rpm"
"17",2018-12-18,2018-12-18,"40","bream","geen 2018-12-18",280,968,"Dead",0,0,0,0,1,0,0,0,0,0,0,0,NA,NA,"OK","F/N",17,"40","pump",100,NA,155,1,"F/N 40","40 F/N nee","F/N 40 brasem geen 2018-12-18","brasem 2018-12-18","brasem geen 2018-12-18",0,0,1,0,"468","F/N - 468 rpm"
"18",2018-12-18,2018-12-18,"40","bream","geen 2018-12-18",405,1166,"Dead",0,0,0,0,1,1,0,0,0,0,0,0,NA,NA,"OK","F/N",18,"40","pump",100,NA,155,2,"F/N 40","40 F/N nee","F/N 40 brasem geen 2018-12-18","brasem 2018-12-18","brasem geen 2018-12-18",0,0,1,0,"468","F/N - 468 rpm"
"19",2018-12-18,2018-12-18,"40","bream","geen 2018-12-18",347,669,"Dead",0,0,0,1,0,1,0,0,0,0,0,0,NA,NA,"OK","F/N",19,"40","pump",100,NA,155,2,"F/N 40","40 F/N nee","F/N 40 brasem geen 2018-12-18","brasem 2018-12-18","brasem geen 2018-12-18",0,0,1,0,"468","F/N - 468 rpm"
"20",2018-12-18,2018-12-18,"40","bream","geen 2018-12-18",380,167,"Dead",0,0,0,1,1,0,0,0,0,0,0,0,NA,NA,"OK","F/N",20,"40","pump",100,NA,155,2,"F/N 40","40 F/N nee","F/N 40 brasem geen 2018-12-18","brasem 2018-12-18","brasem geen 2018-12-18",0,0,1,0,"468","F/N - 468 rpm"
"21",2018-12-18,2018-12-18,"40","bream","geen 2018-12-18",392,1100,"Dead",0,0,0,1,1,0,0,0,0,0,0,0,NA,NA,"OK","F/N",21,"40","pump",100,NA,155,2,"F/N 40","40 F/N nee","F/N 40 brasem geen 2018-12-18","brasem 2018-12-18","brasem geen 2018-12-18",0,0,1,0,"468","F/N - 468 rpm"
"22",2018-12-18,2018-12-18,"40","bream","geen 2018-12-18",392,1006,"Dead",0,0,0,1,1,0,0,0,0,0,0,0,NA,NA,"OK","F/N",22,"40","pump",100,NA,155,2,"F/N 40","40 F/N nee","F/N 40 brasem geen 2018-12-18","brasem 2018-12-18","brasem geen 2018-12-18",0,0,1,0,"468","F/N - 468 rpm"
"23",2018-12-18,2018-12-18,"40","bream","geen 2018-12-18",415,1302,"Dead",0,0,0,1,1,0,0,0,0,0,0,0,NA,NA,"OK","F/N",23,"40","pump",100,NA,155,2,"F/N 40","40 F/N nee","F/N 40 brasem geen 2018-12-18","brasem 2018-12-18","brasem geen 2018-12-18",0,0,1,0,"468","F/N - 468 rpm"
"24",2018-12-18,2018-12-18,"40","bream","geen 2018-12-18",416,1289,"Alive",0,0,0,1,0,0,0,0,0,0,0,0,NA,NA,"OK","F/N",24,"40","pump",100,NA,155,1,"F/N 40","40 F/N nee","F/N 40 brasem geen 2018-12-18","brasem 2018-12-18","brasem geen 2018-12-18",0,1,0,0,"468","F/N - 468 rpm"
"25",2018-12-18,2018-12-18,"40","bream","geen 2018-12-18",392,1000,"Dead",0,0,0,1,0,1,0,0,0,0,0,0,NA,NA,"OK","F/N",25,"40","pump",100,NA,155,2,"F/N 40","40 F/N nee","F/N 40 brasem geen 2018-12-18","brasem 2018-12-18","brasem geen 2018-12-18",0,0,1,0,"468","F/N - 468 rpm"
"26",2018-12-18,2018-12-18,"40","bream","geen 2018-12-18",458,1838,"Dead",0,0,0,1,0,0,0,0,1,0,0,0,NA,NA,"OK","F/N",26,"40","pump",100,NA,155,2,"F/N 40","40 F/N nee","F/N 40 brasem geen 2018-12-18","brasem 2018-12-18","brasem geen 2018-12-18",0,0,1,0,"468","F/N - 468 rpm"
"27",2018-12-18,2018-12-18,"40","bream","geen 2018-12-18",394,1052,"Dead",0,0,0,1,0,0,0,0,0,0,0,0,NA,NA,"OK","F/N",27,"40","pump",100,NA,155,1,"F/N 40","40 F/N nee","F/N 40 brasem geen 2018-12-18","brasem 2018-12-18","brasem geen 2018-12-18",0,1,0,0,"468","F/N - 468 rpm"
"28",2018-12-18,2018-12-18,"40","bream","geen 2018-12-18",340,717,"Dead",0,0,0,1,0,1,0,0,0,0,0,0,NA,NA,"OK","F/N",28,"40","pump",100,NA,155,2,"F/N 40","40 F/N nee","F/N 40 brasem geen 2018-12-18","brasem 2018-12-18","brasem geen 2018-12-18",0,0,1,0,"468","F/N - 468 rpm"
"29",2018-12-18,2018-12-18,"40","bream","geen 2018-12-18",344,636,"Dead",0,0,0,1,0,0,0,0,1,0,0,0,NA,NA,"OK","F/N",29,"40","pump",100,NA,155,2,"F/N 40","40 F/N nee","F/N 40 brasem geen 2018-12-18","brasem 2018-12-18","brasem geen 2018-12-18",0,0,1,0,"468","F/N - 468 rpm"
"30",2018-12-18,2018-12-18,"40","bream","geen 2018-12-18",386,1052,"Dead",0,0,0,1,0,0,0,0,0,0,0,0,NA,NA,"OK","F/N",30,"40","pump",100,NA,155,1,"F/N 40","40 F/N nee","F/N 40 brasem geen 2018-12-18","brasem 2018-12-18","brasem geen 2018-12-18",0,1,0,0,"468","F/N - 468 rpm"
"31",2018-12-18,2018-12-18,"40","bream","geen 2018-12-18",358,874,"Dead",0,0,0,1,0,1,0,0,0,0,0,0,NA,NA,"OK","F/N",31,"40","pump",100,NA,155,2,"F/N 40","40 F/N nee","F/N 40 brasem geen 2018-12-18","brasem 2018-12-18","brasem geen 2018-12-18",0,0,1,0,"468","F/N - 468 rpm"
"32",2018-12-18,2018-12-18,"40","bream","geen 2018-12-18",433,1333,"Dead",0,0,0,1,0,1,0,0,0,0,0,0,NA,NA,"OK","F/N",32,"40","pump",100,NA,155,2,"F/N 40","40 F/N nee","F/N 40 brasem geen 2018-12-18","brasem 2018-12-18","brasem geen 2018-12-18",0,0,1,0,"468","F/N - 468 rpm"
"33",2018-12-18,2018-12-18,"40","bream","geen 2018-12-18",480,1420,"Dead",0,0,0,0,0,1,0,0,0,0,0,0,NA,NA,"OK","F/N",33,"40","pump",100,NA,155,1,"F/N 40","40 F/N nee","F/N 40 brasem geen 2018-12-18","brasem 2018-12-18","brasem geen 2018-12-18",0,0,1,0,"468","F/N - 468 rpm"
"34",2018-12-18,2018-12-18,"40","bream","geen 2018-12-18",405,914,"Dead",0,0,0,0,0,1,0,0,0,0,0,0,NA,NA,"OK","F/N",34,"40","pump",100,NA,155,1,"F/N 40","40 F/N nee","F/N 40 brasem geen 2018-12-18","brasem 2018-12-18","brasem geen 2018-12-18",0,0,1,0,"468","F/N - 468 rpm"
"35",2018-12-18,2018-12-18,"40","bream","geen 2018-12-18",350.301243288103,690,"Dead",0,0,0,0,0,1,0,0,0,0,0,0,NA,NA,"OK","F/N",35,"40","pump",100,NA,155,1,"F/N 40","40 F/N nee","F/N 40 brasem geen 2018-12-18","brasem 2018-12-18","brasem geen 2018-12-18",0,0,1,0,"468","F/N - 468 rpm"
"36",2018-12-18,2018-12-18,"40","bream","geen 2018-12-18",365,847,"Dead",0,0,0,1,0,0,0,0,0,0,0,0,NA,NA,"OK","F/N",36,"40","pump",100,NA,155,1,"F/N 40","40 F/N nee","F/N 40 brasem geen 2018-12-18","brasem 2018-12-18","brasem geen 2018-12-18",0,1,0,0,"468","F/N - 468 rpm"
"37",2018-12-18,2018-12-18,"40","bream","geen 2018-12-18",396,960,"Dead",0,0,0,1,0,0,0,0,0,0,0,0,NA,NA,"OK","F/N",37,"40","pump",100,NA,155,1,"F/N 40","40 F/N nee","F/N 40 brasem geen 2018-12-18","brasem 2018-12-18","brasem geen 2018-12-18",0,1,0,0,"468","F/N - 468 rpm"
"38",2018-12-18,2018-12-18,"40","bream","geen 2018-12-18",345,688,"Dead",1,0,0,0,0,0,0,0,0,0,0,0,NA,NA,"OK","F/N",38,"40","pump",100,NA,155,1,"F/N 40","40 F/N nee","F/N 40 brasem geen 2018-12-18","brasem 2018-12-18","brasem geen 2018-12-18",1,0,0,0,"468","F/N - 468 rpm"
"39",2018-12-18,2018-12-18,"40","bream","geen 2018-12-18",405.222040330716,1200,"Dead",0,0,0,0,0,1,0,0,0,0,0,0,NA,NA,"OK","F/N",39,"40","pump",100,NA,155,1,"F/N 40","40 F/N nee","F/N 40 brasem geen 2018-12-18","brasem 2018-12-18","brasem geen 2018-12-18",0,0,1,0,"468","F/N - 468 rpm"
"40",2018-12-18,2018-12-18,"40","bream","geen 2018-12-18",400,1265,"Dead",0,0,0,1,1,1,0,0,0,0,0,0,NA,NA,"OK","F/N",40,"40","pump",100,NA,155,3,"F/N 40","40 F/N nee","F/N 40 brasem geen 2018-12-18","brasem 2018-12-18","brasem geen 2018-12-18",0,0,1,0,"468","F/N - 468 rpm"
"41",2018-12-18,2018-12-18,"40","bream","geen 2018-12-18",365,824,"Alive",0,0,0,1,0,0,0,0,0,0,0,0,NA,NA,"OK","F/N",41,"40","pump",100,NA,155,1,"F/N 40","40 F/N nee","F/N 40 brasem geen 2018-12-18","brasem 2018-12-18","brasem geen 2018-12-18",0,1,0,0,"468","F/N - 468 rpm"
"42",2018-12-18,2018-12-18,"40","bream","geen 2018-12-18",460,1300,"Dead",0,0,0,0,0,1,0,0,0,0,0,0,NA,NA,"OK","F/N",42,"40","pump",100,NA,155,1,"F/N 40","40 F/N nee","F/N 40 brasem geen 2018-12-18","brasem 2018-12-18","brasem geen 2018-12-18",0,0,1,0,"468","F/N - 468 rpm"
"43",2018-12-18,2018-12-18,"40","bream","geen 2018-12-18",470,1288,"Dead",0,0,0,0,0,1,0,0,0,0,0,0,NA,NA,"OK","F/N",43,"40","pump",100,NA,155,1,"F/N 40","40 F/N nee","F/N 40 brasem geen 2018-12-18","brasem 2018-12-18","brasem geen 2018-12-18",0,0,1,0,"468","F/N - 468 rpm"
"44",2018-12-18,2018-12-18,"40","bream","geen 2018-12-18",400,1000,"Dead",0,0,0,0,0,1,0,0,0,0,0,0,NA,NA,"OK","F/N",44,"40","pump",100,NA,155,1,"F/N 40","40 F/N nee","F/N 40 brasem geen 2018-12-18","brasem 2018-12-18","brasem geen 2018-12-18",0,0,1,0,"468","F/N - 468 rpm"
"45",2018-12-18,2018-12-18,"40","bream","geen 2018-12-18",372.915689129179,900,"Dead",0,0,0,0,0,1,0,0,0,0,0,0,NA,NA,"OK","F/N",45,"40","pump",100,NA,155,1,"F/N 40","40 F/N nee","F/N 40 brasem geen 2018-12-18","brasem 2018-12-18","brasem geen 2018-12-18",0,0,1,0,"468","F/N - 468 rpm"
"46",2018-12-18,2018-12-18,"40","bream","geen 2018-12-18",390,1120,"Alive",0,0,0,1,0,0,0,0,0,0,0,0,NA,NA,"OK","F/N",46,"40","pump",100,NA,155,1,"F/N 40","40 F/N nee","F/N 40 brasem geen 2018-12-18","brasem 2018-12-18","brasem geen 2018-12-18",0,1,0,0,"468","F/N - 468 rpm"
"47",2018-12-18,2018-12-18,"40","bream","geen 2018-12-18",378,921,"Dead",0,0,0,0,1,0,0,0,0,0,0,0,NA,NA,"OK","F/N",47,"40","pump",100,NA,155,1,"F/N 40","40 F/N nee","F/N 40 brasem geen 2018-12-18","brasem 2018-12-18","brasem geen 2018-12-18",0,0,1,0,"468","F/N - 468 rpm"
"48",2018-12-18,2018-12-18,"40","bream","geen 2018-12-18",396,1180,"Alive",0,0,0,1,0,0,0,0,0,0,0,0,NA,NA,"OK","F/N",48,"40","pump",100,NA,155,1,"F/N 40","40 F/N nee","F/N 40 brasem geen 2018-12-18","brasem 2018-12-18","brasem geen 2018-12-18",0,1,0,0,"468","F/N - 468 rpm"
"49",2018-12-18,2018-12-18,"40","bream","geen 2018-12-18",365,821,"Alive",0,0,0,1,0,0,0,0,0,0,0,0,NA,NA,"OK","F/N",49,"40","pump",100,NA,155,1,"F/N 40","40 F/N nee","F/N 40 brasem geen 2018-12-18","brasem 2018-12-18","brasem geen 2018-12-18",0,1,0,0,"468","F/N - 468 rpm"
"50",2018-12-18,2018-12-18,"40","bream","geen 2018-12-18",396,1193,"Alive",0,0,0,1,0,0,0,0,0,0,0,0,NA,NA,"OK","F/N",50,"40","pump",100,NA,155,1,"F/N 40","40 F/N nee","F/N 40 brasem geen 2018-12-18","brasem 2018-12-18","brasem geen 2018-12-18",0,1,0,0,"468","F/N - 468 rpm"
"51",2018-12-18,2018-12-18,"40","bream","geen 2018-12-18",445,1508,"Dead",0,1,0,0,1,0,0,0,0,0,0,0,NA,NA,"OK","F/N",51,"40","pump",100,NA,155,2,"F/N 40","40 F/N nee","F/N 40 brasem geen 2018-12-18","brasem 2018-12-18","brasem geen 2018-12-18",0,0,1,0,"468","F/N - 468 rpm"
"52",2018-12-18,2018-12-18,"40","bream","geen 2018-12-18",454,1640,"Alive",0,0,0,1,0,0,0,0,0,0,0,0,NA,NA,"OK","F/N",52,"40","pump",100,NA,155,1,"F/N 40","40 F/N nee","F/N 40 brasem geen 2018-12-18","brasem 2018-12-18","brasem geen 2018-12-18",0,1,0,0,"468","F/N - 468 rpm"
"53",2018-12-18,2018-12-18,"40","bream","geen 2018-12-18",392,1069,"Dead",0,0,0,0,1,0,0,0,1,0,0,0,NA,NA,"OK","F/N",53,"40","pump",100,NA,155,2,"F/N 40","40 F/N nee","F/N 40 brasem geen 2018-12-18","brasem 2018-12-18","brasem geen 2018-12-18",0,0,1,0,"468","F/N - 468 rpm"
"54",2018-12-18,2018-12-18,"40","bream","geen 2018-12-18",389,1444,"Alive",0,0,0,1,0,0,0,0,0,0,0,0,NA,NA,"OK","F/N",54,"40","pump",100,NA,155,1,"F/N 40","40 F/N nee","F/N 40 brasem geen 2018-12-18","brasem 2018-12-18","brasem geen 2018-12-18",0,1,0,0,"468","F/N - 468 rpm"
"55",2018-12-18,2018-12-18,"40","bream","geen 2018-12-18",398,1307,"Alive",0,0,0,1,0,0,0,0,0,0,0,0,NA,NA,"OK","F/N",55,"40","pump",100,NA,155,1,"F/N 40","40 F/N nee","F/N 40 brasem geen 2018-12-18","brasem 2018-12-18","brasem geen 2018-12-18",0,1,0,0,"468","F/N - 468 rpm"
"56",2018-12-18,2018-12-18,"40","bream","geen 2018-12-18",460,1500,"Dead",0,0,0,0,0,1,0,0,0,0,0,0,NA,NA,"OK","F/N",56,"40","pump",100,NA,155,1,"F/N 40","40 F/N nee","F/N 40 brasem geen 2018-12-18","brasem 2018-12-18","brasem geen 2018-12-18",0,0,1,0,"468","F/N - 468 rpm"
"57",2018-12-18,2018-12-18,"40","bream","geen 2018-12-18",415,1263,"Dead",0,0,0,1,0,0,0,0,0,1,0,0,NA,NA,"OK","F/N",57,"40","pump",100,NA,155,2,"F/N 40","40 F/N nee","F/N 40 brasem geen 2018-12-18","brasem 2018-12-18","brasem geen 2018-12-18",0,0,1,0,"468","F/N - 468 rpm"
"58",2018-12-18,2018-12-18,"40","bream","geen 2018-12-18",362.146905395333,800,"Dead",0,0,0,0,0,1,0,0,0,0,0,0,NA,NA,"OK","F/N",58,"40","pump",100,NA,155,1,"F/N 40","40 F/N nee","F/N 40 brasem geen 2018-12-18","brasem 2018-12-18","brasem geen 2018-12-18",0,0,1,0,"468","F/N - 468 rpm"
"59",2018-12-18,2018-12-19,"40","bream","geen 2018-12-18",410,990,"Dead",0,0,0,0,0,1,0,0,0,0,0,0,NA,NA,"OK","F/N",59,"40","pump",100,NA,155,1,"F/N 40","40 F/N nee","F/N 40 brasem geen 2018-12-18","brasem 2018-12-18","brasem geen 2018-12-18",0,0,1,0,"468","F/N - 468 rpm"
"60",2018-12-18,2018-12-19,"40","bream","geen 2018-12-18",362.146905395333,800,"Dead",0,0,0,0,0,1,0,0,0,0,0,0,NA,NA,"OK","F/N",60,"40","pump",100,NA,155,1,"F/N 40","40 F/N nee","F/N 40 brasem geen 2018-12-18","brasem 2018-12-18","brasem geen 2018-12-18",0,0,1,0,"468","F/N - 468 rpm"
"61",2018-12-18,2018-12-19,"40","bream","geen 2018-12-18",418,1338,"Dead",0,0,0,1,0,0,0,0,0,1,0,0,NA,NA,"OK","F/N",61,"40","pump",100,NA,155,2,"F/N 40","40 F/N nee","F/N 40 brasem geen 2018-12-18","brasem 2018-12-18","brasem geen 2018-12-18",0,0,1,0,"468","F/N - 468 rpm"
"62",2018-12-18,2018-12-19,"40","bream","geen 2018-12-18",400,1158,"Dead",0,0,0,1,0,0,0,0,1,1,0,0,NA,NA,"OK","F/N",62,"40","pump",100,NA,155,3,"F/N 40","40 F/N nee","F/N 40 brasem geen 2018-12-18","brasem 2018-12-18","brasem geen 2018-12-18",0,0,1,0,"468","F/N - 468 rpm"
"63",2018-12-18,2018-12-19,"40","bream","geen 2018-12-18",425,1493,"Alive",0,0,0,1,0,0,0,0,0,0,0,0,NA,NA,"OK","F/N",63,"40","pump",100,NA,155,1,"F/N 40","40 F/N nee","F/N 40 brasem geen 2018-12-18","brasem 2018-12-18","brasem geen 2018-12-18",0,1,0,0,"468","F/N - 468 rpm"
"64",2018-12-18,2018-12-19,"40","bream","geen 2018-12-18",384,1063,"Alive",0,0,0,1,0,0,0,0,0,0,0,0,NA,NA,"OK","F/N",64,"40","pump",100,NA,155,1,"F/N 40","40 F/N nee","F/N 40 brasem geen 2018-12-18","brasem 2018-12-18","brasem geen 2018-12-18",0,1,0,0,"468","F/N - 468 rpm"
"65",2018-12-18,2018-12-19,"47","bream","geen 2018-12-18",333,626,"Dead",0,0,0,1,0,0,0,0,0,0,0,0,NA,NA,"OK","F/N",65,"40","pump",100,NA,155,1,"F/N 47","47 F/N nee","F/N 47 brasem geen 2018-12-18","brasem 2018-12-18","brasem geen 2018-12-18",0,1,0,0,"550","F/N - 550 rpm"
"66",2018-12-18,2018-12-19,"47","bream","geen 2018-12-18",407,940,"Dead",0,0,0,0,0,1,0,0,0,0,0,0,NA,NA,"OK","F/N",66,"40","pump",100,NA,155,1,"F/N 47","47 F/N nee","F/N 47 brasem geen 2018-12-18","brasem 2018-12-18","brasem geen 2018-12-18",0,0,1,0,"550","F/N - 550 rpm"
"67",2018-12-18,2018-12-19,"47","bream","geen 2018-12-18",480,1448,"Dead",0,0,0,0,0,1,0,0,0,0,0,0,NA,NA,"OK","F/N",67,"40","pump",100,NA,155,1,"F/N 47","47 F/N nee","F/N 47 brasem geen 2018-12-18","brasem 2018-12-18","brasem geen 2018-12-18",0,0,1,0,"550","F/N - 550 rpm"
"68",2018-12-18,2018-12-19,"47","bream","geen 2018-12-18",450,1123,"Dead",0,0,0,0,0,1,0,0,0,0,0,0,NA,NA,"OK","F/N",68,"40","pump",100,NA,155,1,"F/N 47","47 F/N nee","F/N 47 brasem geen 2018-12-18","brasem 2018-12-18","brasem geen 2018-12-18",0,0,1,0,"550","F/N - 550 rpm"
"69",2018-12-18,2018-12-19,"47","bream","geen 2018-12-18",394.45325659687,1100,"Dead",0,0,0,0,0,1,0,0,0,0,0,0,NA,NA,"OK","F/N",69,"40","pump",100,NA,155,1,"F/N 47","47 F/N nee","F/N 47 brasem geen 2018-12-18","brasem 2018-12-18","brasem geen 2018-12-18",0,0,1,0,"550","F/N - 550 rpm"
"70",2018-12-18,2018-12-19,"47","bream","geen 2018-12-18",410,870,"Dead",0,0,0,0,0,1,0,0,0,0,0,0,NA,NA,"OK","F/N",70,"40","pump",100,NA,155,1,"F/N 47","47 F/N nee","F/N 47 brasem geen 2018-12-18","brasem 2018-12-18","brasem geen 2018-12-18",0,0,1,0,"550","F/N - 550 rpm"
"71",2018-12-18,2018-12-19,"47","bream","geen 2018-12-18",455,1257,"Dead",0,0,0,0,0,1,0,0,0,0,0,0,NA,NA,"OK","F/N",71,"40","pump",100,NA,155,1,"F/N 47","47 F/N nee","F/N 47 brasem geen 2018-12-18","brasem 2018-12-18","brasem geen 2018-12-18",0,0,1,0,"550","F/N - 550 rpm"
"72",2018-12-18,2018-12-19,"47","bream","geen 2018-12-18",383.684472863024,1000,"Dead",0,0,0,0,0,1,0,0,0,0,0,0,NA,NA,"OK","F/N",72,"40","pump",100,NA,155,1,"F/N 47","47 F/N nee","F/N 47 brasem geen 2018-12-18","brasem 2018-12-18","brasem geen 2018-12-18",0,0,1,0,"550","F/N - 550 rpm"
"73",2018-12-18,2018-12-19,"47","bream","geen 2018-12-18",372.915689129179,900,"Dead",0,0,0,0,0,1,0,0,0,0,0,0,NA,NA,"OK","F/N",73,"40","pump",100,NA,155,1,"F/N 47","47 F/N nee","F/N 47 brasem geen 2018-12-18","brasem 2018-12-18","brasem geen 2018-12-18",0,0,1,0,"550","F/N - 550 rpm"
"74",2018-12-18,2018-12-19,"47","bream","geen 2018-12-18",366,850,"Dead",0,0,0,0,1,0,0,0,1,0,0,0,NA,NA,"OK","F/N",74,"40","pump",100,NA,155,2,"F/N 47","47 F/N nee","F/N 47 brasem geen 2018-12-18","brasem 2018-12-18","brasem geen 2018-12-18",0,0,1,0,"550","F/N - 550 rpm"
"75",2018-12-18,2018-12-19,"47","bream","geen 2018-12-18",415,1261,"Dead",1,0,0,0,0,0,0,0,0,0,0,0,NA,NA,"OK","F/N",75,"40","pump",100,NA,155,1,"F/N 47","47 F/N nee","F/N 47 brasem geen 2018-12-18","brasem 2018-12-18","brasem geen 2018-12-18",1,0,0,0,"550","F/N - 550 rpm"
"76",2018-12-18,2018-12-19,"47","bream","geen 2018-12-18",323,605,"Dead",0,0,0,1,0,0,0,0,0,0,0,0,NA,NA,"OK","F/N",76,"40","pump",100,NA,155,1,"F/N 47","47 F/N nee","F/N 47 brasem geen 2018-12-18","brasem 2018-12-18","brasem geen 2018-12-18",0,1,0,0,"550","F/N - 550 rpm"
"77",2018-12-18,2018-12-19,"47","bream","geen 2018-12-18",410,1194,"Dead",0,0,0,1,0,1,0,0,0,0,0,0,NA,NA,"OK","F/N",77,"40","pump",100,NA,155,2,"F/N 47","47 F/N nee","F/N 47 brasem geen 2018-12-18","brasem 2018-12-18","brasem geen 2018-12-18",0,0,1,0,"550","F/N - 550 rpm"
"78",2018-12-18,2018-12-19,"47","bream","geen 2018-12-18",380,940,"Dead",0,0,0,0,1,0,0,0,1,1,0,0,NA,NA,"OK","F/N",78,"40","pump",100,NA,155,3,"F/N 47","47 F/N nee","F/N 47 brasem geen 2018-12-18","brasem 2018-12-18","brasem geen 2018-12-18",0,0,1,0,"550","F/N - 550 rpm"
"79",2018-12-18,2018-12-19,"47","bream","geen 2018-12-18",351.378121661487,700,"Dead",0,0,0,0,0,1,0,0,0,0,0,0,NA,NA,"OK","F/N",79,"40","pump",100,NA,155,1,"F/N 47","47 F/N nee","F/N 47 brasem geen 2018-12-18","brasem 2018-12-18","brasem geen 2018-12-18",0,0,1,0,"550","F/N - 550 rpm"
"80",2018-12-18,2018-12-19,"47","bream","geen 2018-12-18",460,1100,"Dead",0,0,0,0,0,1,0,0,0,0,0,0,NA,NA,"OK","F/N",80,"40","pump",100,NA,155,1,"F/N 47","47 F/N nee","F/N 47 brasem geen 2018-12-18","brasem 2018-12-18","brasem geen 2018-12-18",0,0,1,0,"550","F/N - 550 rpm"
"81",2018-12-18,2018-12-19,"47","bream","geen 2018-12-18",310,326,"Dead",0,0,0,1,0,1,0,0,0,0,0,0,NA,NA,"OK","F/N",81,"40","pump",100,NA,155,2,"F/N 47","47 F/N nee","F/N 47 brasem geen 2018-12-18","brasem 2018-12-18","brasem geen 2018-12-18",0,0,1,0,"550","F/N - 550 rpm"
"82",2018-12-18,2018-12-19,"47","bream","geen 2018-12-18",383.684472863024,1000,"Dead",0,0,0,0,0,1,0,0,0,0,0,0,NA,NA,"OK","F/N",82,"40","pump",100,NA,155,1,"F/N 47","47 F/N nee","F/N 47 brasem geen 2018-12-18","brasem 2018-12-18","brasem geen 2018-12-18",0,0,1,0,"550","F/N - 550 rpm"
"83",2018-12-18,2018-12-19,"47","bream","geen 2018-12-18",480,1400,"Dead",0,0,0,0,0,1,0,0,0,0,0,0,NA,NA,"OK","F/N",83,"40","pump",100,NA,155,1,"F/N 47","47 F/N nee","F/N 47 brasem geen 2018-12-18","brasem 2018-12-18","brasem geen 2018-12-18",0,0,1,0,"550","F/N - 550 rpm"
"84",2018-12-18,2018-12-19,"47","bream","geen 2018-12-18",420,1290,"Dead",0,0,0,0,0,1,0,1,0,1,0,0,NA,NA,"OK","F/N",84,"40","pump",100,NA,155,3,"F/N 47","47 F/N nee","F/N 47 brasem geen 2018-12-18","brasem 2018-12-18","brasem geen 2018-12-18",0,0,1,0,"550","F/N - 550 rpm"
"85",2018-12-18,2018-12-19,"47","bream","geen 2018-12-18",425,1282,"Alive",0,0,1,1,0,0,0,0,0,0,0,0,NA,NA,"OK","F/N",85,"40","pump",100,NA,155,2,"F/N 47","47 F/N nee","F/N 47 brasem geen 2018-12-18","brasem 2018-12-18","brasem geen 2018-12-18",0,1,0,0,"550","F/N - 550 rpm"
"86",2018-12-18,2018-12-20,"47","bream","geen 2018-12-18",420,1376,"Dead",0,0,0,0,0,1,0,0,1,0,0,0,NA,NA,"OK","F/N",86,"40","pump",100,NA,155,2,"F/N 47","47 F/N nee","F/N 47 brasem geen 2018-12-18","brasem 2018-12-18","brasem geen 2018-12-18",0,0,1,0,"550","F/N - 550 rpm"
"87",2018-12-18,2018-12-20,"47","bream","geen 2018-12-18",425,850,"Dead",0,0,0,1,0,1,0,0,0,0,0,0,NA,NA,"OK","F/N",87,"40","pump",100,NA,155,2,"F/N 47","47 F/N nee","F/N 47 brasem geen 2018-12-18","brasem 2018-12-18","brasem geen 2018-12-18",0,0,1,0,"550","F/N - 550 rpm"
"88",2018-12-18,2018-12-20,"47","bream","geen 2018-12-18",430,900,"Dead",0,0,0,0,0,1,0,0,0,0,0,0,NA,NA,"OK","F/N",88,"40","pump",100,NA,155,1,"F/N 47","47 F/N nee","F/N 47 brasem geen 2018-12-18","brasem 2018-12-18","brasem geen 2018-12-18",0,0,1,0,"550","F/N - 550 rpm"
"89",2018-12-18,2018-12-20,"47","bream","geen 2018-12-18",450,1000,"Dead",0,0,0,0,0,1,0,0,0,0,0,0,NA,NA,"OK","F/N",89,"40","pump",100,NA,155,1,"F/N 47","47 F/N nee","F/N 47 brasem geen 2018-12-18","brasem 2018-12-18","brasem geen 2018-12-18",0,0,1,0,"550","F/N - 550 rpm"
"90",2018-12-18,2018-12-20,"47","bream","geen 2018-12-18",334,650,"Dead",0,0,0,1,0,0,0,0,0,1,0,0,NA,NA,"OK","F/N",90,"40","pump",100,NA,155,2,"F/N 47","47 F/N nee","F/N 47 brasem geen 2018-12-18","brasem 2018-12-18","brasem geen 2018-12-18",0,0,1,0,"550","F/N - 550 rpm"
"91",2018-12-18,2018-12-20,"47","bream","geen 2018-12-18",426,1390,"Alive",0,0,0,1,0,0,0,0,0,0,0,0,NA,NA,"OK","F/N",91,"40","pump",100,NA,155,1,"F/N 47","47 F/N nee","F/N 47 brasem geen 2018-12-18","brasem 2018-12-18","brasem geen 2018-12-18",0,1,0,0,"550","F/N - 550 rpm"
"92",2018-12-18,2018-12-20,"47","bream","geen 2018-12-18",435,1411,"Dead",0,0,0,1,0,0,0,0,1,0,0,0,NA,NA,"OK","F/N",92,"40","pump",100,NA,155,2,"F/N 47","47 F/N nee","F/N 47 brasem geen 2018-12-18","brasem 2018-12-18","brasem geen 2018-12-18",0,0,1,0,"550","F/N - 550 rpm"
"93",2018-12-18,2018-12-20,"47","bream","geen 2018-12-18",418,1317,"Dead",0,0,0,0,0,1,0,0,0,1,0,0,NA,NA,"OK","F/N",93,"40","pump",100,NA,155,2,"F/N 47","47 F/N nee","F/N 47 brasem geen 2018-12-18","brasem 2018-12-18","brasem geen 2018-12-18",0,0,1,0,"550","F/N - 550 rpm"
"94",2018-12-18,2018-12-20,"47","bream","geen 2018-12-18",371,969,"Alive",0,0,0,1,0,0,0,0,0,0,0,0,NA,NA,"OK","F/N",94,"40","pump",100,NA,155,1,"F/N 47","47 F/N nee","F/N 47 brasem geen 2018-12-18","brasem 2018-12-18","brasem geen 2018-12-18",0,1,0,0,"550","F/N - 550 rpm"
"95",2018-12-18,2018-12-20,"47","bream","geen 2018-12-18",418,1158,"Dead",0,0,0,0,0,0,0,0,0,1,0,0,NA,NA,"OK","F/N",95,"40","pump",100,NA,155,1,"F/N 47","47 F/N nee","F/N 47 brasem geen 2018-12-18","brasem 2018-12-18","brasem geen 2018-12-18",0,0,1,0,"550","F/N - 550 rpm"
"96",2018-12-18,2018-12-20,"47","bream","geen 2018-12-18",426,1342,"Alive",0,0,0,1,0,0,0,0,0,0,0,0,NA,NA,"OK","F/N",96,"40","pump",100,NA,155,1,"F/N 47","47 F/N nee","F/N 47 brasem geen 2018-12-18","brasem 2018-12-18","brasem geen 2018-12-18",0,1,0,0,"550","F/N - 550 rpm"
"97",2018-12-18,2018-12-20,"47","bream","geen 2018-12-18",355,771,"Alive",0,0,0,1,0,0,0,0,0,0,0,0,NA,NA,"OK","F/N",97,"40","pump",100,NA,155,1,"F/N 47","47 F/N nee","F/N 47 brasem geen 2018-12-18","brasem 2018-12-18","brasem geen 2018-12-18",0,1,0,0,"550","F/N - 550 rpm"
"98",2018-12-18,2018-12-20,"47","bream","geen 2018-12-18",385,1035,"Dead",0,0,0,0,0,0,0,0,1,0,0,0,NA,NA,"OK","F/N",98,"40","pump",100,NA,155,1,"F/N 47","47 F/N nee","F/N 47 brasem geen 2018-12-18","brasem 2018-12-18","brasem geen 2018-12-18",0,0,1,0,"550","F/N - 550 rpm"
"99",2018-12-18,2018-12-20,"47","bream","geen 2018-12-18",425,890,"Dead",0,0,0,0,0,1,0,0,0,0,0,0,NA,NA,"OK","F/N",99,"40","pump",100,NA,155,1,"F/N 47","47 F/N nee","F/N 47 brasem geen 2018-12-18","brasem 2018-12-18","brasem geen 2018-12-18",0,0,1,0,"550","F/N - 550 rpm"
"100",2018-12-18,2018-12-18,"40","bream","staart boven 2018-12-18",400,861,"Dead",0,0,0,0,0,1,0,0,0,0,0,0,NA,NA,"OK","F/N",100,"40","pump",55,"om ethische redenen kleinere steekproef",155,1,"F/N 40","40 F/N nee","F/N 40 brasem staart boven 2018-12-18","brasem 2018-12-18","brasem staart boven 2018-12-18",0,0,1,0,"468","F/N - 468 rpm"
"101",2018-12-18,2018-12-18,"40","bream","staart boven 2018-12-18",385,750,"Dead",0,0,0,0,0,1,0,0,0,0,0,0,NA,NA,"OK","F/N",101,"40","pump",55,"om ethische redenen kleinere steekproef",155,1,"F/N 40","40 F/N nee","F/N 40 brasem staart boven 2018-12-18","brasem 2018-12-18","brasem staart boven 2018-12-18",0,0,1,0,"468","F/N - 468 rpm"
"102",2018-12-18,2018-12-18,"40","bream","staart boven 2018-12-18",358,819,"Dead",0,0,0,1,0,0,0,0,1,1,0,0,NA,NA,"OK","F/N",102,"40","pump",55,"om ethische redenen kleinere steekproef",155,3,"F/N 40","40 F/N nee","F/N 40 brasem staart boven 2018-12-18","brasem 2018-12-18","brasem staart boven 2018-12-18",0,0,1,0,"468","F/N - 468 rpm"
"103",2018-12-18,2018-12-18,"40","bream","staart boven 2018-12-18",360,844,"Dead",0,0,0,0,0,1,0,0,0,1,0,0,NA,NA,"OK","F/N",103,"40","pump",55,"om ethische redenen kleinere steekproef",155,2,"F/N 40","40 F/N nee","F/N 40 brasem staart boven 2018-12-18","brasem 2018-12-18","brasem staart boven 2018-12-18",0,0,1,0,"468","F/N - 468 rpm"
"104",2018-12-18,2018-12-18,"40","bream","staart boven 2018-12-18",356.76251352841,750,"Dead",0,0,0,0,0,1,0,0,0,0,0,0,NA,NA,"OK","F/N",104,"40","pump",55,"om ethische redenen kleinere steekproef",155,1,"F/N 40","40 F/N nee","F/N 40 brasem staart boven 2018-12-18","brasem 2018-12-18","brasem staart boven 2018-12-18",0,0,1,0,"468","F/N - 468 rpm"
"105",2018-12-18,2018-12-18,"40","bream","staart boven 2018-12-18",328,622,"Dead",0,0,0,0,0,0,0,0,0,1,0,0,NA,NA,"OK","F/N",105,"40","pump",55,"om ethische redenen kleinere steekproef",155,1,"F/N 40","40 F/N nee","F/N 40 brasem staart boven 2018-12-18","brasem 2018-12-18","brasem staart boven 2018-12-18",0,0,1,0,"468","F/N - 468 rpm"
"106",2018-12-18,2018-12-18,"40","bream","staart boven 2018-12-18",335.224946060718,550,"Dead",0,0,0,0,0,1,0,0,0,0,0,0,NA,NA,"OK","F/N",106,"40","pump",55,"om ethische redenen kleinere steekproef",155,1,"F/N 40","40 F/N nee","F/N 40 brasem staart boven 2018-12-18","brasem 2018-12-18","brasem staart boven 2018-12-18",0,0,1,0,"468","F/N - 468 rpm"
"107",2018-12-18,2018-12-18,"40","bream","staart boven 2018-12-18",330,641,"Alive",0,0,0,1,0,0,0,0,0,0,0,0,NA,NA,"OK","F/N",107,"40","pump",55,"om ethische redenen kleinere steekproef",155,1,"F/N 40","40 F/N nee","F/N 40 brasem staart boven 2018-12-18","brasem 2018-12-18","brasem staart boven 2018-12-18",0,1,0,0,"468","F/N - 468 rpm"
"108",2018-12-18,2018-12-18,"40","bream","staart boven 2018-12-18",340,700,"Alive",0,0,0,1,0,0,0,0,0,0,0,0,NA,NA,"OK","F/N",108,"40","pump",55,"om ethische redenen kleinere steekproef",155,1,"F/N 40","40 F/N nee","F/N 40 brasem staart boven 2018-12-18","brasem 2018-12-18","brasem staart boven 2018-12-18",0,1,0,0,"468","F/N - 468 rpm"
"109",2018-12-18,2018-12-18,"40","bream","staart boven 2018-12-18",380,966,"Alive",0,0,0,1,0,0,0,0,0,0,0,0,NA,NA,"OK","F/N",109,"40","pump",55,"om ethische redenen kleinere steekproef",155,1,"F/N 40","40 F/N nee","F/N 40 brasem staart boven 2018-12-18","brasem 2018-12-18","brasem staart boven 2018-12-18",0,1,0,0,"468","F/N - 468 rpm"
"110",2018-12-18,2018-12-18,"40","bream","staart boven 2018-12-18",340,704,"Alive",0,0,0,1,0,0,0,0,0,0,0,0,NA,NA,"OK","F/N",110,"40","pump",55,"om ethische redenen kleinere steekproef",155,1,"F/N 40","40 F/N nee","F/N 40 brasem staart boven 2018-12-18","brasem 2018-12-18","brasem staart boven 2018-12-18",0,1,0,0,"468","F/N - 468 rpm"
"111",2018-12-18,2018-12-18,"40","bream","staart boven 2018-12-18",380,990,"Alive",0,0,0,1,0,0,0,0,0,0,0,0,NA,NA,"OK","F/N",111,"40","pump",55,"om ethische redenen kleinere steekproef",155,1,"F/N 40","40 F/N nee","F/N 40 brasem staart boven 2018-12-18","brasem 2018-12-18","brasem staart boven 2018-12-18",0,1,0,0,"468","F/N - 468 rpm"
"112",2018-12-18,2018-12-18,"40","bream","staart boven 2018-12-18",312,495,"Alive",0,0,0,1,0,0,0,0,0,0,0,0,NA,NA,"OK","F/N",112,"40","pump",55,"om ethische redenen kleinere steekproef",155,1,"F/N 40","40 F/N nee","F/N 40 brasem staart boven 2018-12-18","brasem 2018-12-18","brasem staart boven 2018-12-18",0,1,0,0,"468","F/N - 468 rpm"
"113",2018-12-18,2018-12-18,"40","bream","staart boven 2018-12-18",340.609337927641,600,"Dead",0,0,0,0,0,1,0,0,0,0,0,0,NA,NA,"OK","F/N",113,"40","pump",55,"om ethische redenen kleinere steekproef",155,1,"F/N 40","40 F/N nee","F/N 40 brasem staart boven 2018-12-18","brasem 2018-12-18","brasem staart boven 2018-12-18",0,0,1,0,"468","F/N - 468 rpm"
"114",2018-12-18,2018-12-18,"40","bream","staart boven 2018-12-18",340.609337927641,600,"Dead",0,0,0,0,0,1,0,0,0,0,0,0,NA,NA,"OK","F/N",114,"40","pump",55,"om ethische redenen kleinere steekproef",155,1,"F/N 40","40 F/N nee","F/N 40 brasem staart boven 2018-12-18","brasem 2018-12-18","brasem staart boven 2018-12-18",0,0,1,0,"468","F/N - 468 rpm"
"115",2018-12-18,2018-12-18,"40","bream","staart boven 2018-12-18",352.56268787221,711,"Dead",0,0,0,0,0,1,0,0,0,0,0,0,NA,NA,"OK","F/N",115,"40","pump",55,"om ethische redenen kleinere steekproef",155,1,"F/N 40","40 F/N nee","F/N 40 brasem staart boven 2018-12-18","brasem 2018-12-18","brasem staart boven 2018-12-18",0,0,1,0,"468","F/N - 468 rpm"
"116",2018-12-18,2018-12-18,"40","bream","staart boven 2018-12-18",382,1005,"Dead",0,0,0,1,0,0,0,0,0,0,0,0,NA,NA,"OK","F/N",116,"40","pump",55,"om ethische redenen kleinere steekproef",155,1,"F/N 40","40 F/N nee","F/N 40 brasem staart boven 2018-12-18","brasem 2018-12-18","brasem staart boven 2018-12-18",0,1,0,0,"468","F/N - 468 rpm"
"117",2018-12-18,2018-12-18,"40","bream","staart boven 2018-12-18",351.378121661487,700,"Dead",0,0,0,0,0,1,0,0,0,0,0,0,NA,NA,"OK","F/N",117,"40","pump",55,"om ethische redenen kleinere steekproef",155,1,"F/N 40","40 F/N nee","F/N 40 brasem staart boven 2018-12-18","brasem 2018-12-18","brasem staart boven 2018-12-18",0,0,1,0,"468","F/N - 468 rpm"
"118",2018-12-18,2018-12-18,"40","bream","staart boven 2018-12-18",336,677,"Alive",0,0,0,1,0,0,0,0,0,0,0,0,NA,NA,"OK","F/N",118,"40","pump",55,"om ethische redenen kleinere steekproef",155,1,"F/N 40","40 F/N nee","F/N 40 brasem staart boven 2018-12-18","brasem 2018-12-18","brasem staart boven 2018-12-18",0,1,0,0,"468","F/N - 468 rpm"
"119",2018-12-18,2018-12-18,"40","bream","staart boven 2018-12-18",344,694,"Alive",0,0,0,1,0,0,0,0,0,0,0,0,NA,NA,"OK","F/N",119,"40","pump",55,"om ethische redenen kleinere steekproef",155,1,"F/N 40","40 F/N nee","F/N 40 brasem staart boven 2018-12-18","brasem 2018-12-18","brasem staart boven 2018-12-18",0,1,0,0,"468","F/N - 468 rpm"
"120",2018-12-18,2018-12-18,"40","bream","staart boven 2018-12-18",323,576,"Alive",0,0,0,1,0,0,0,0,0,0,0,0,NA,NA,"OK","F/N",120,"40","pump",55,"om ethische redenen kleinere steekproef",155,1,"F/N 40","40 F/N nee","F/N 40 brasem staart boven 2018-12-18","brasem 2018-12-18","brasem staart boven 2018-12-18",0,1,0,0,"468","F/N - 468 rpm"
"121",2018-12-18,2018-12-18,"40","bream","staart boven 2018-12-18",333,629,"Alive",0,0,0,1,0,0,0,0,0,0,0,0,NA,NA,"OK","F/N",121,"40","pump",55,"om ethische redenen kleinere steekproef",155,1,"F/N 40","40 F/N nee","F/N 40 brasem staart boven 2018-12-18","brasem 2018-12-18","brasem staart boven 2018-12-18",0,1,0,0,"468","F/N - 468 rpm"
"122",2018-12-18,2018-12-18,"40","bream","staart boven 2018-12-18",305,523,"Alive",0,0,0,1,0,0,0,0,0,0,0,0,NA,NA,"OK","F/N",122,"40","pump",55,"om ethische redenen kleinere steekproef",155,1,"F/N 40","40 F/N nee","F/N 40 brasem staart boven 2018-12-18","brasem 2018-12-18","brasem staart boven 2018-12-18",0,1,0,0,"468","F/N - 468 rpm"
"123",2018-12-18,2018-12-18,"40","bream","staart boven 2018-12-18",358,875.9,"Alive",0,0,0,1,0,0,0,0,0,0,0,0,NA,NA,"OK","F/N",123,"40","pump",55,"om ethische redenen kleinere steekproef",155,1,"F/N 40","40 F/N nee","F/N 40 brasem staart boven 2018-12-18","brasem 2018-12-18","brasem staart boven 2018-12-18",0,1,0,0,"468","F/N - 468 rpm"
"124",2018-12-18,2018-12-18,"40","bream","staart boven 2018-12-18",336,533,"Alive",0,0,0,1,0,0,0,0,0,0,0,0,NA,NA,"OK","F/N",124,"40","pump",55,"om ethische redenen kleinere steekproef",155,1,"F/N 40","40 F/N nee","F/N 40 brasem staart boven 2018-12-18","brasem 2018-12-18","brasem staart boven 2018-12-18",0,1,0,0,"468","F/N - 468 rpm"
"125",2018-12-18,2018-12-18,"40","bream","staart boven 2018-12-18",325,438,"Dead",0,0,0,0,0,1,0,0,0,0,0,0,NA,NA,"OK","F/N",125,"40","pump",55,"om ethische redenen kleinere steekproef",155,1,"F/N 40","40 F/N nee","F/N 40 brasem staart boven 2018-12-18","brasem 2018-12-18","brasem staart boven 2018-12-18",0,0,1,0,"468","F/N - 468 rpm"
"126",2018-12-18,2018-12-18,"40","bream","staart boven 2018-12-18",345,670.5,"Dead",0,0,0,0,1,0,0,0,0,1,0,0,NA,NA,"OK","F/N",126,"40","pump",55,"om ethische redenen kleinere steekproef",155,2,"F/N 40","40 F/N nee","F/N 40 brasem staart boven 2018-12-18","brasem 2018-12-18","brasem staart boven 2018-12-18",0,0,1,0,"468","F/N - 468 rpm"
"127",2018-12-18,2018-12-19,"40","bream","staart boven 2018-12-18",371,789,"Dead",0,0,0,0,0,1,0,0,0,0,0,0,NA,NA,"OK","F/N",127,"40","pump",55,"om ethische redenen kleinere steekproef",155,1,"F/N 40","40 F/N nee","F/N 40 brasem staart boven 2018-12-18","brasem 2018-12-18","brasem staart boven 2018-12-18",0,0,1,0,"468","F/N - 468 rpm"
"128",2018-12-18,2018-12-19,"40","bream","staart boven 2018-12-18",375,959,"Dead",0,0,0,1,0,0,0,0,0,0,0,0,NA,NA,"OK","F/N",128,"40","pump",55,"om ethische redenen kleinere steekproef",155,1,"F/N 40","40 F/N nee","F/N 40 brasem staart boven 2018-12-18","brasem 2018-12-18","brasem staart boven 2018-12-18",0,1,0,0,"468","F/N - 468 rpm"
"129",2018-12-18,2018-12-19,"40","bream","staart boven 2018-12-18",330,630.5,"Alive",0,0,0,1,0,0,0,0,0,0,0,0,NA,NA,"OK","F/N",129,"40","pump",55,"om ethische redenen kleinere steekproef",155,1,"F/N 40","40 F/N nee","F/N 40 brasem staart boven 2018-12-18","brasem 2018-12-18","brasem staart boven 2018-12-18",0,1,0,0,"468","F/N - 468 rpm"
"130",2018-12-18,2018-12-19,"40","bream","staart boven 2018-12-18",344,819,"Alive",0,0,0,1,0,0,0,0,0,0,0,0,NA,NA,"OK","F/N",130,"40","pump",55,"om ethische redenen kleinere steekproef",155,1,"F/N 40","40 F/N nee","F/N 40 brasem staart boven 2018-12-18","brasem 2018-12-18","brasem staart boven 2018-12-18",0,1,0,0,"468","F/N - 468 rpm"
"131",2018-12-18,2018-12-19,"40","bream","staart boven 2018-12-18",314,506,"Alive",1,0,0,0,0,0,0,0,0,0,0,0,NA,NA,"OK","F/N",131,"40","pump",55,"om ethische redenen kleinere steekproef",155,1,"F/N 40","40 F/N nee","F/N 40 brasem staart boven 2018-12-18","brasem 2018-12-18","brasem staart boven 2018-12-18",1,0,0,0,"468","F/N - 468 rpm"
"132",2018-12-18,2018-12-19,"40","bream","staart boven 2018-12-18",286,356,"Alive",0,0,0,1,0,0,0,0,0,0,0,0,NA,NA,"OK","F/N",132,"40","pump",55,"om ethische redenen kleinere steekproef",155,1,"F/N 40","40 F/N nee","F/N 40 brasem staart boven 2018-12-18","brasem 2018-12-18","brasem staart boven 2018-12-18",0,1,0,0,"468","F/N - 468 rpm"
"133",2018-12-18,2018-12-19,"47","bream","staart boven 2018-12-18",287,387,"Dead",0,0,0,0,0,1,0,0,0,1,0,0,NA,NA,"OK","F/N",133,"40","pump",55,"om ethische redenen kleinere steekproef",155,2,"F/N 47","47 F/N nee","F/N 47 brasem staart boven 2018-12-18","brasem 2018-12-18","brasem staart boven 2018-12-18",0,0,1,0,"550","F/N - 550 rpm"
"134",2018-12-18,2018-12-19,"47","bream","staart boven 2018-12-18",410,1190,"Dead",0,0,0,0,1,0,0,0,0,1,0,0,NA,NA,"OK","F/N",134,"40","pump",55,"om ethische redenen kleinere steekproef",155,2,"F/N 47","47 F/N nee","F/N 47 brasem staart boven 2018-12-18","brasem 2018-12-18","brasem staart boven 2018-12-18",0,0,1,0,"550","F/N - 550 rpm"
"135",2018-12-18,2018-12-19,"47","bream","staart boven 2018-12-18",335,650,"Dead",0,0,0,0,0,1,0,0,0,1,0,0,NA,NA,"OK","F/N",135,"40","pump",55,"om ethische redenen kleinere steekproef",155,2,"F/N 47","47 F/N nee","F/N 47 brasem staart boven 2018-12-18","brasem 2018-12-18","brasem staart boven 2018-12-18",0,0,1,0,"550","F/N - 550 rpm"
"136",2018-12-18,2018-12-19,"47","bream","staart boven 2018-12-18",260,266,"Dead",0,0,0,1,0,0,0,0,0,1,0,0,NA,NA,"OK","F/N",136,"40","pump",55,"om ethische redenen kleinere steekproef",155,2,"F/N 47","47 F/N nee","F/N 47 brasem staart boven 2018-12-18","brasem 2018-12-18","brasem staart boven 2018-12-18",0,0,1,0,"550","F/N - 550 rpm"
"137",2018-12-18,2018-12-19,"47","bream","staart boven 2018-12-18",279,350,"Dead",0,0,0,1,0,0,0,0,0,0,0,0,NA,NA,"OK","F/N",137,"40","pump",55,"om ethische redenen kleinere steekproef",155,1,"F/N 47","47 F/N nee","F/N 47 brasem staart boven 2018-12-18","brasem 2018-12-18","brasem staart boven 2018-12-18",0,1,0,0,"550","F/N - 550 rpm"
"138",2018-12-18,2018-12-19,"47","bream","staart boven 2018-12-18",400,700,"Dead",0,0,0,0,0,1,0,0,0,0,0,0,NA,NA,"OK","F/N",138,"40","pump",55,"om ethische redenen kleinere steekproef",155,1,"F/N 47","47 F/N nee","F/N 47 brasem staart boven 2018-12-18","brasem 2018-12-18","brasem staart boven 2018-12-18",0,0,1,0,"550","F/N - 550 rpm"
"139",2018-12-18,2018-12-19,"47","bream","staart boven 2018-12-18",280,356,"Dead",0,0,0,1,0,0,0,0,0,0,0,0,NA,NA,"OK","F/N",139,"40","pump",55,"om ethische redenen kleinere steekproef",155,1,"F/N 47","47 F/N nee","F/N 47 brasem staart boven 2018-12-18","brasem 2018-12-18","brasem staart boven 2018-12-18",0,1,0,0,"550","F/N - 550 rpm"
"140",2018-12-18,2018-12-19,"47","bream","staart boven 2018-12-18",308,458,"Dead",0,0,0,1,0,0,0,0,0,1,0,0,NA,NA,"OK","F/N",140,"40","pump",55,"om ethische redenen kleinere steekproef",155,2,"F/N 47","47 F/N nee","F/N 47 brasem staart boven 2018-12-18","brasem 2018-12-18","brasem staart boven 2018-12-18",0,0,1,0,"550","F/N - 550 rpm"
"141",2018-12-18,2018-12-19,"47","bream","staart boven 2018-12-18",264,285,"Dead",0,0,0,1,0,0,0,0,1,0,0,0,NA,NA,"OK","F/N",141,"40","pump",55,"om ethische redenen kleinere steekproef",155,2,"F/N 47","47 F/N nee","F/N 47 brasem staart boven 2018-12-18","brasem 2018-12-18","brasem staart boven 2018-12-18",0,0,1,0,"550","F/N - 550 rpm"
"142",2018-12-18,2018-12-19,"47","bream","staart boven 2018-12-18",320,528,"Dead",0,0,0,1,0,0,0,0,0,0,0,0,NA,NA,"OK","F/N",142,"40","pump",55,"om ethische redenen kleinere steekproef",155,1,"F/N 47","47 F/N nee","F/N 47 brasem staart boven 2018-12-18","brasem 2018-12-18","brasem staart boven 2018-12-18",0,1,0,0,"550","F/N - 550 rpm"
"143",2018-12-18,2018-12-19,"47","bream","staart boven 2018-12-18",350,826,"Dead",0,0,0,1,0,0,0,0,0,1,0,0,NA,NA,"OK","F/N",143,"40","pump",55,"om ethische redenen kleinere steekproef",155,2,"F/N 47","47 F/N nee","F/N 47 brasem staart boven 2018-12-18","brasem 2018-12-18","brasem staart boven 2018-12-18",0,0,1,0,"550","F/N - 550 rpm"
"144",2018-12-18,2018-12-19,"47","bream","staart boven 2018-12-18",302,457,"Dead",0,0,0,1,0,0,0,0,0,0,0,0,NA,NA,"OK","F/N",144,"40","pump",55,"om ethische redenen kleinere steekproef",155,1,"F/N 47","47 F/N nee","F/N 47 brasem staart boven 2018-12-18","brasem 2018-12-18","brasem staart boven 2018-12-18",0,1,0,0,"550","F/N - 550 rpm"
"145",2018-12-18,2018-12-19,"47","bream","staart boven 2018-12-18",395,650,"Dead",0,0,0,0,0,1,0,0,0,0,0,0,NA,NA,"OK","F/N",145,"40","pump",55,"om ethische redenen kleinere steekproef",155,1,"F/N 47","47 F/N nee","F/N 47 brasem staart boven 2018-12-18","brasem 2018-12-18","brasem staart boven 2018-12-18",0,0,1,0,"550","F/N - 550 rpm"
"146",2018-12-18,2018-12-19,"47","bream","staart boven 2018-12-18",390,1138,"Dead",0,0,0,0,0,0,0,0,0,1,0,0,NA,NA,"OK","F/N",146,"40","pump",55,"om ethische redenen kleinere steekproef",155,1,"F/N 47","47 F/N nee","F/N 47 brasem staart boven 2018-12-18","brasem 2018-12-18","brasem staart boven 2018-12-18",0,0,1,0,"550","F/N - 550 rpm"
"147",2018-12-18,2018-12-19,"47","bream","staart boven 2018-12-18",310,549,"Alive",1,0,0,0,0,0,0,0,0,0,0,0,NA,NA,"OK","F/N",147,"40","pump",55,"om ethische redenen kleinere steekproef",155,1,"F/N 47","47 F/N nee","F/N 47 brasem staart boven 2018-12-18","brasem 2018-12-18","brasem staart boven 2018-12-18",1,0,0,0,"550","F/N - 550 rpm"
"148",2018-12-18,2018-12-19,"47","bream","staart boven 2018-12-18",273,311,"Alive",1,0,0,0,0,0,0,0,0,0,0,0,NA,NA,"OK","F/N",148,"40","pump",55,"om ethische redenen kleinere steekproef",155,1,"F/N 47","47 F/N nee","F/N 47 brasem staart boven 2018-12-18","brasem 2018-12-18","brasem staart boven 2018-12-18",1,0,0,0,"550","F/N - 550 rpm"
"149",2018-12-18,2018-12-19,"47","bream","staart boven 2018-12-18",353,600,"Dead",0,0,0,0,0,1,0,0,0,0,0,0,NA,NA,"OK","F/N",149,"40","pump",55,"om ethische redenen kleinere steekproef",155,1,"F/N 47","47 F/N nee","F/N 47 brasem staart boven 2018-12-18","brasem 2018-12-18","brasem staart boven 2018-12-18",0,0,1,0,"550","F/N - 550 rpm"
"150",2018-12-18,2018-12-20,"47","bream","staart boven 2018-12-18",360,812,"Dead",0,0,0,0,0,1,0,0,0,1,0,0,NA,NA,"OK","F/N",150,"40","pump",55,"om ethische redenen kleinere steekproef",155,2,"F/N 47","47 F/N nee","F/N 47 brasem staart boven 2018-12-18","brasem 2018-12-18","brasem staart boven 2018-12-18",0,0,1,0,"550","F/N - 550 rpm"
"151",2018-12-18,2018-12-20,"47","bream","staart boven 2018-12-18",320,650,"Dead",0,0,0,0,0,1,0,0,0,0,0,0,NA,NA,"OK","F/N",151,"40","pump",55,"om ethische redenen kleinere steekproef",155,1,"F/N 47","47 F/N nee","F/N 47 brasem staart boven 2018-12-18","brasem 2018-12-18","brasem staart boven 2018-12-18",0,0,1,0,"550","F/N - 550 rpm"
"152",2018-12-18,2018-12-20,"47","bream","staart boven 2018-12-18",368,890,"Alive",0,0,1,1,0,0,0,0,0,0,0,0,NA,NA,"OK","F/N",152,"40","pump",55,"om ethische redenen kleinere steekproef",155,2,"F/N 47","47 F/N nee","F/N 47 brasem staart boven 2018-12-18","brasem 2018-12-18","brasem staart boven 2018-12-18",0,1,0,0,"550","F/N - 550 rpm"
"153",2018-12-18,2018-12-20,"47","bream","staart boven 2018-12-18",330,654,"Alive",1,0,0,0,0,0,0,0,0,0,0,0,NA,NA,"OK","F/N",153,"40","pump",55,"om ethische redenen kleinere steekproef",155,1,"F/N 47","47 F/N nee","F/N 47 brasem staart boven 2018-12-18","brasem 2018-12-18","brasem staart boven 2018-12-18",1,0,0,0,"550","F/N - 550 rpm"
"154",2018-12-18,2018-12-20,"47","bream","staart boven 2018-12-18",372,827,"Alive",0,0,0,1,0,0,0,0,0,0,0,0,NA,NA,"OK","F/N",154,"40","pump",55,"om ethische redenen kleinere steekproef",155,1,"F/N 47","47 F/N nee","F/N 47 brasem staart boven 2018-12-18","brasem 2018-12-18","brasem staart boven 2018-12-18",0,1,0,0,"550","F/N - 550 rpm"
"155",2018-12-18,2018-12-18,"40","bream","borstvin rechts 2018-12-18",430,1394,"Alive",1,0,0,0,0,0,0,0,0,0,0,0,NA,NA,"OK","F/N",155,"40","control",50,NA,50,1,"F/N 40","40 F/N ja","F/N 40 brasem borstvin rechts 2018-12-18","brasem 2018-12-18","brasem borstvin rechts 2018-12-18",1,0,0,0,"468","F/N - 468 rpm"
"156",2018-12-18,2018-12-18,"40","bream","borstvin rechts 2018-12-18",452,1762,"Alive",1,0,0,0,0,0,0,0,0,0,0,0,NA,NA,"OK","F/N",156,"40","control",50,NA,50,1,"F/N 40","40 F/N ja","F/N 40 brasem borstvin rechts 2018-12-18","brasem 2018-12-18","brasem borstvin rechts 2018-12-18",1,0,0,0,"468","F/N - 468 rpm"
"157",2018-12-18,2018-12-18,"40","bream","borstvin rechts 2018-12-18",416,1232,"Alive",1,0,0,0,0,0,0,0,0,0,0,0,NA,NA,"OK","F/N",157,"40","control",50,NA,50,1,"F/N 40","40 F/N ja","F/N 40 brasem borstvin rechts 2018-12-18","brasem 2018-12-18","brasem borstvin rechts 2018-12-18",1,0,0,0,"468","F/N - 468 rpm"
"158",2018-12-18,2018-12-18,"40","bream","borstvin rechts 2018-12-18",388,1090,"Alive",1,0,0,0,0,0,0,0,0,0,0,0,NA,NA,"OK","F/N",158,"40","control",50,NA,50,1,"F/N 40","40 F/N ja","F/N 40 brasem borstvin rechts 2018-12-18","brasem 2018-12-18","brasem borstvin rechts 2018-12-18",1,0,0,0,"468","F/N - 468 rpm"
"159",2018-12-18,2018-12-18,"40","bream","borstvin rechts 2018-12-18",385,1070,"Alive",1,0,0,0,0,0,0,0,0,0,0,0,NA,NA,"OK","F/N",159,"40","control",50,NA,50,1,"F/N 40","40 F/N ja","F/N 40 brasem borstvin rechts 2018-12-18","brasem 2018-12-18","brasem borstvin rechts 2018-12-18",1,0,0,0,"468","F/N - 468 rpm"
"160",2018-12-18,2018-12-18,"40","bream","borstvin rechts 2018-12-18",406,1275,"Alive",1,0,0,0,0,0,0,0,0,0,0,0,NA,NA,"OK","F/N",160,"40","control",50,NA,50,1,"F/N 40","40 F/N ja","F/N 40 brasem borstvin rechts 2018-12-18","brasem 2018-12-18","brasem borstvin rechts 2018-12-18",1,0,0,0,"468","F/N - 468 rpm"
"161",2018-12-18,2018-12-18,"40","bream","borstvin rechts 2018-12-18",406,1292,"Alive",0,0,0,1,0,0,0,0,0,0,0,0,NA,NA,"OK","F/N",161,"40","control",50,NA,50,1,"F/N 40","40 F/N ja","F/N 40 brasem borstvin rechts 2018-12-18","brasem 2018-12-18","brasem borstvin rechts 2018-12-18",0,1,0,0,"468","F/N - 468 rpm"
"162",2018-12-18,2018-12-18,"40","bream","borstvin rechts 2018-12-18",392,1096,"Alive",1,0,0,0,0,0,0,0,0,0,0,0,NA,NA,"OK","F/N",162,"40","control",50,NA,50,1,"F/N 40","40 F/N ja","F/N 40 brasem borstvin rechts 2018-12-18","brasem 2018-12-18","brasem borstvin rechts 2018-12-18",1,0,0,0,"468","F/N - 468 rpm"
"163",2018-12-18,2018-12-18,"40","bream","borstvin rechts 2018-12-18",443,1595,"Alive",1,0,0,0,0,0,0,0,0,0,0,0,NA,NA,"OK","F/N",163,"40","control",50,NA,50,1,"F/N 40","40 F/N ja","F/N 40 brasem borstvin rechts 2018-12-18","brasem 2018-12-18","brasem borstvin rechts 2018-12-18",1,0,0,0,"468","F/N - 468 rpm"
"164",2018-12-18,2018-12-18,"40","bream","borstvin rechts 2018-12-18",420,1444,"Alive",1,0,0,0,0,0,0,0,0,0,0,0,NA,NA,"OK","F/N",164,"40","control",50,NA,50,1,"F/N 40","40 F/N ja","F/N 40 brasem borstvin rechts 2018-12-18","brasem 2018-12-18","brasem borstvin rechts 2018-12-18",1,0,0,0,"468","F/N - 468 rpm"
"165",2018-12-18,2018-12-18,"40","bream","borstvin rechts 2018-12-18",396,1102,"Alive",1,0,0,0,0,0,0,0,0,0,0,0,NA,NA,"OK","F/N",165,"40","control",50,NA,50,1,"F/N 40","40 F/N ja","F/N 40 brasem borstvin rechts 2018-12-18","brasem 2018-12-18","brasem borstvin rechts 2018-12-18",1,0,0,0,"468","F/N - 468 rpm"
"166",2018-12-18,2018-12-18,"40","bream","borstvin rechts 2018-12-18",395,994,"Alive",1,0,0,0,0,0,0,0,0,0,0,0,NA,NA,"OK","F/N",166,"40","control",50,NA,50,1,"F/N 40","40 F/N ja","F/N 40 brasem borstvin rechts 2018-12-18","brasem 2018-12-18","brasem borstvin rechts 2018-12-18",1,0,0,0,"468","F/N - 468 rpm"
"167",2018-12-18,2018-12-18,"40","bream","borstvin rechts 2018-12-18",411,1271,"Alive",1,0,0,0,0,0,0,0,0,0,0,0,NA,NA,"OK","F/N",167,"40","control",50,NA,50,1,"F/N 40","40 F/N ja","F/N 40 brasem borstvin rechts 2018-12-18","brasem 2018-12-18","brasem borstvin rechts 2018-12-18",1,0,0,0,"468","F/N - 468 rpm"
"168",2018-12-18,2018-12-18,"40","bream","borstvin rechts 2018-12-18",406,1299,"Alive",1,0,0,0,0,0,0,0,0,0,0,0,NA,NA,"OK","F/N",168,"40","control",50,NA,50,1,"F/N 40","40 F/N ja","F/N 40 brasem borstvin rechts 2018-12-18","brasem 2018-12-18","brasem borstvin rechts 2018-12-18",1,0,0,0,"468","F/N - 468 rpm"
"169",2018-12-18,2018-12-18,"40","bream","borstvin rechts 2018-12-18",376,987,"Alive",1,0,0,0,0,0,0,0,0,0,0,0,NA,NA,"OK","F/N",169,"40","control",50,NA,50,1,"F/N 40","40 F/N ja","F/N 40 brasem borstvin rechts 2018-12-18","brasem 2018-12-18","brasem borstvin rechts 2018-12-18",1,0,0,0,"468","F/N - 468 rpm"
"170",2018-12-18,2018-12-18,"40","bream","borstvin rechts 2018-12-18",430,1485,"Alive",1,0,0,0,0,0,0,0,0,0,0,0,NA,NA,"OK","F/N",170,"40","control",50,NA,50,1,"F/N 40","40 F/N ja","F/N 40 brasem borstvin rechts 2018-12-18","brasem 2018-12-18","brasem borstvin rechts 2018-12-18",1,0,0,0,"468","F/N - 468 rpm"
"171",2018-12-18,2018-12-18,"40","bream","borstvin rechts 2018-12-18",435,1644,"Alive",1,0,0,0,0,0,0,0,0,0,0,0,NA,NA,"OK","F/N",171,"40","control",50,NA,50,1,"F/N 40","40 F/N ja","F/N 40 brasem borstvin rechts 2018-12-18","brasem 2018-12-18","brasem borstvin rechts 2018-12-18",1,0,0,0,"468","F/N - 468 rpm"
"172",2018-12-18,2018-12-18,"40","bream","borstvin rechts 2018-12-18",388,1077,"Alive",1,0,0,0,0,0,0,0,0,0,0,0,NA,NA,"OK","F/N",172,"40","control",50,NA,50,1,"F/N 40","40 F/N ja","F/N 40 brasem borstvin rechts 2018-12-18","brasem 2018-12-18","brasem borstvin rechts 2018-12-18",1,0,0,0,"468","F/N - 468 rpm"
"173",2018-12-18,2018-12-18,"40","bream","borstvin rechts 2018-12-18",394,1120,"Alive",1,0,0,0,0,0,0,0,0,0,0,0,NA,NA,"OK","F/N",173,"40","control",50,NA,50,1,"F/N 40","40 F/N ja","F/N 40 brasem borstvin rechts 2018-12-18","brasem 2018-12-18","brasem borstvin rechts 2018-12-18",1,0,0,0,"468","F/N - 468 rpm"
"174",2018-12-18,2018-12-18,"40","bream","borstvin rechts 2018-12-18",395,1200,"Alive",1,0,0,0,0,0,0,0,0,0,0,0,NA,NA,"OK","F/N",174,"40","control",50,NA,50,1,"F/N 40","40 F/N ja","F/N 40 brasem borstvin rechts 2018-12-18","brasem 2018-12-18","brasem borstvin rechts 2018-12-18",1,0,0,0,"468","F/N - 468 rpm"
"175",2018-12-18,2018-12-18,"40","bream","borstvin rechts 2018-12-18",394,1037,"Alive",1,0,0,0,0,0,0,0,0,0,0,0,NA,NA,"OK","F/N",175,"40","control",50,NA,50,1,"F/N 40","40 F/N ja","F/N 40 brasem borstvin rechts 2018-12-18","brasem 2018-12-18","brasem borstvin rechts 2018-12-18",1,0,0,0,"468","F/N - 468 rpm"
"176",2018-12-18,2018-12-18,"40","bream","borstvin rechts 2018-12-18",392,1034,"Alive",1,0,0,0,0,0,0,0,0,0,0,0,NA,NA,"OK","F/N",176,"40","control",50,NA,50,1,"F/N 40","40 F/N ja","F/N 40 brasem borstvin rechts 2018-12-18","brasem 2018-12-18","brasem borstvin rechts 2018-12-18",1,0,0,0,"468","F/N - 468 rpm"
"177",2018-12-18,2018-12-18,"40","bream","borstvin rechts 2018-12-18",342,1117,"Alive",1,0,0,0,0,0,0,0,0,0,0,0,NA,NA,"OK","F/N",177,"40","control",50,NA,50,1,"F/N 40","40 F/N ja","F/N 40 brasem borstvin rechts 2018-12-18","brasem 2018-12-18","brasem borstvin rechts 2018-12-18",1,0,0,0,"468","F/N - 468 rpm"
"178",2018-12-18,2018-12-18,"40","bream","borstvin rechts 2018-12-18",378,1035,"Alive",1,0,0,0,0,0,0,0,0,0,0,0,NA,NA,"OK","F/N",178,"40","control",50,NA,50,1,"F/N 40","40 F/N ja","F/N 40 brasem borstvin rechts 2018-12-18","brasem 2018-12-18","brasem borstvin rechts 2018-12-18",1,0,0,0,"468","F/N - 468 rpm"
"179",2018-12-18,2018-12-18,"40","bream","borstvin rechts 2018-12-18",422,1333,"Alive",1,0,0,0,0,0,0,0,0,0,0,0,NA,NA,"OK","F/N",179,"40","control",50,NA,50,1,"F/N 40","40 F/N ja","F/N 40 brasem borstvin rechts 2018-12-18","brasem 2018-12-18","brasem borstvin rechts 2018-12-18",1,0,0,0,"468","F/N - 468 rpm"
"180",2018-12-18,2018-12-18,"40","bream","borstvin rechts 2018-12-18",412,1288,"Alive",1,0,0,0,0,0,0,0,0,0,0,0,NA,NA,"OK","F/N",180,"40","control",50,NA,50,1,"F/N 40","40 F/N ja","F/N 40 brasem borstvin rechts 2018-12-18","brasem 2018-12-18","brasem borstvin rechts 2018-12-18",1,0,0,0,"468","F/N - 468 rpm"
"181",2018-12-18,2018-12-18,"40","bream","borstvin rechts 2018-12-18",417,1237,"Alive",1,0,0,0,0,0,0,0,0,0,0,0,NA,NA,"OK","F/N",181,"40","control",50,NA,50,1,"F/N 40","40 F/N ja","F/N 40 brasem borstvin rechts 2018-12-18","brasem 2018-12-18","brasem borstvin rechts 2018-12-18",1,0,0,0,"468","F/N - 468 rpm"
"182",2018-12-18,2018-12-18,"40","bream","borstvin rechts 2018-12-18",423,1442,"Alive",1,0,0,0,0,0,0,0,0,0,0,0,NA,NA,"OK","F/N",182,"40","control",50,NA,50,1,"F/N 40","40 F/N ja","F/N 40 brasem borstvin rechts 2018-12-18","brasem 2018-12-18","brasem borstvin rechts 2018-12-18",1,0,0,0,"468","F/N - 468 rpm"
"183",2018-12-18,2018-12-18,"40","bream","borstvin rechts 2018-12-18",407,1178,"Alive",1,0,0,0,0,0,0,0,0,0,0,0,NA,NA,"OK","F/N",183,"40","control",50,NA,50,1,"F/N 40","40 F/N ja","F/N 40 brasem borstvin rechts 2018-12-18","brasem 2018-12-18","brasem borstvin rechts 2018-12-18",1,0,0,0,"468","F/N - 468 rpm"
"184",2018-12-18,2018-12-18,"40","bream","borstvin rechts 2018-12-18",433,1389,"Alive",1,0,0,0,0,0,0,0,0,0,0,0,NA,NA,"OK","F/N",184,"40","control",50,NA,50,1,"F/N 40","40 F/N ja","F/N 40 brasem borstvin rechts 2018-12-18","brasem 2018-12-18","brasem borstvin rechts 2018-12-18",1,0,0,0,"468","F/N - 468 rpm"
"185",2018-12-18,2018-12-18,"40","bream","borstvin rechts 2018-12-18",429,1256,"Alive",1,0,0,0,0,0,0,0,0,0,0,0,NA,NA,"OK","F/N",185,"40","control",50,NA,50,1,"F/N 40","40 F/N ja","F/N 40 brasem borstvin rechts 2018-12-18","brasem 2018-12-18","brasem borstvin rechts 2018-12-18",1,0,0,0,"468","F/N - 468 rpm"
"186",2018-12-18,2018-12-18,"40","bream","borstvin rechts 2018-12-18",387,1090,"Alive",1,0,0,0,0,0,0,0,0,0,0,0,NA,NA,"OK","F/N",186,"40","control",50,NA,50,1,"F/N 40","40 F/N ja","F/N 40 brasem borstvin rechts 2018-12-18","brasem 2018-12-18","brasem borstvin rechts 2018-12-18",1,0,0,0,"468","F/N - 468 rpm"
"187",2018-12-18,2018-12-18,"40","bream","borstvin rechts 2018-12-18",386,1166,"Alive",1,0,0,0,0,0,0,0,0,0,0,0,NA,NA,"OK","F/N",187,"40","control",50,NA,50,1,"F/N 40","40 F/N ja","F/N 40 brasem borstvin rechts 2018-12-18","brasem 2018-12-18","brasem borstvin rechts 2018-12-18",1,0,0,0,"468","F/N - 468 rpm"
"188",2018-12-18,2018-12-18,"40","bream","borstvin rechts 2018-12-18",404,1319,"Alive",0,0,0,1,0,0,0,0,0,0,0,0,NA,NA,"OK","F/N",188,"40","control",50,NA,50,1,"F/N 40","40 F/N ja","F/N 40 brasem borstvin rechts 2018-12-18","brasem 2018-12-18","brasem borstvin rechts 2018-12-18",0,1,0,0,"468","F/N - 468 rpm"
"189",2018-12-18,2018-12-18,"40","bream","borstvin rechts 2018-12-18",426,1371,"Alive",1,0,0,0,0,0,0,0,0,0,0,0,NA,NA,"OK","F/N",189,"40","control",50,NA,50,1,"F/N 40","40 F/N ja","F/N 40 brasem borstvin rechts 2018-12-18","brasem 2018-12-18","brasem borstvin rechts 2018-12-18",1,0,0,0,"468","F/N - 468 rpm"
"190",2018-12-18,2018-12-18,"40","bream","borstvin rechts 2018-12-18",386,1059,"Alive",1,0,0,0,0,0,0,0,0,0,0,0,NA,NA,"OK","F/N",190,"40","control",50,NA,50,1,"F/N 40","40 F/N ja","F/N 40 brasem borstvin rechts 2018-12-18","brasem 2018-12-18","brasem borstvin rechts 2018-12-18",1,0,0,0,"468","F/N - 468 rpm"
"191",2018-12-18,2018-12-18,"40","bream","borstvin rechts 2018-12-18",396,1159,"Alive",1,0,0,0,0,0,0,0,0,0,0,0,NA,NA,"OK","F/N",191,"40","control",50,NA,50,1,"F/N 40","40 F/N ja","F/N 40 brasem borstvin rechts 2018-12-18","brasem 2018-12-18","brasem borstvin rechts 2018-12-18",1,0,0,0,"468","F/N - 468 rpm"
"192",2018-12-18,2018-12-18,"40","bream","borstvin rechts 2018-12-18",365,844,"Alive",1,0,0,0,0,0,0,0,0,0,0,0,NA,NA,"OK","F/N",192,"40","control",50,NA,50,1,"F/N 40","40 F/N ja","F/N 40 brasem borstvin rechts 2018-12-18","brasem 2018-12-18","brasem borstvin rechts 2018-12-18",1,0,0,0,"468","F/N - 468 rpm"
"193",2018-12-18,2018-12-18,"40","bream","borstvin rechts 2018-12-18",392,985,"Alive",1,0,0,0,0,0,0,0,0,0,0,0,NA,NA,"OK","F/N",193,"40","control",50,NA,50,1,"F/N 40","40 F/N ja","F/N 40 brasem borstvin rechts 2018-12-18","brasem 2018-12-18","brasem borstvin rechts 2018-12-18",1,0,0,0,"468","F/N - 468 rpm"
"194",2018-12-18,2018-12-18,"40","bream","borstvin rechts 2018-12-18",430,1680,"Alive",1,0,0,0,0,0,0,0,0,0,0,0,NA,NA,"OK","F/N",194,"40","control",50,NA,50,1,"F/N 40","40 F/N ja","F/N 40 brasem borstvin rechts 2018-12-18","brasem 2018-12-18","brasem borstvin rechts 2018-12-18",1,0,0,0,"468","F/N - 468 rpm"
"195",2018-12-18,2018-12-18,"40","bream","borstvin rechts 2018-12-18",396,1165,"Alive",1,0,0,0,0,0,0,0,0,0,0,0,NA,NA,"OK","F/N",195,"40","control",50,NA,50,1,"F/N 40","40 F/N ja","F/N 40 brasem borstvin rechts 2018-12-18","brasem 2018-12-18","brasem borstvin rechts 2018-12-18",1,0,0,0,"468","F/N - 468 rpm"
"196",2018-12-18,2018-12-18,"40","bream","borstvin rechts 2018-12-18",430,1580,"Alive",1,0,0,0,0,0,0,0,0,0,0,0,NA,NA,"OK","F/N",196,"40","control",50,NA,50,1,"F/N 40","40 F/N ja","F/N 40 brasem borstvin rechts 2018-12-18","brasem 2018-12-18","brasem borstvin rechts 2018-12-18",1,0,0,0,"468","F/N - 468 rpm"
"197",2018-12-18,2018-12-18,"40","bream","borstvin rechts 2018-12-18",432,1537,"Alive",1,0,0,0,0,0,0,0,0,0,0,0,NA,NA,"OK","F/N",197,"40","control",50,NA,50,1,"F/N 40","40 F/N ja","F/N 40 brasem borstvin rechts 2018-12-18","brasem 2018-12-18","brasem borstvin rechts 2018-12-18",1,0,0,0,"468","F/N - 468 rpm"
"198",2018-12-18,2018-12-18,"40","bream","borstvin rechts 2018-12-18",415,1313,"Alive",1,0,0,0,0,0,0,0,0,0,0,0,NA,NA,"OK","F/N",198,"40","control",50,NA,50,1,"F/N 40","40 F/N ja","F/N 40 brasem borstvin rechts 2018-12-18","brasem 2018-12-18","brasem borstvin rechts 2018-12-18",1,0,0,0,"468","F/N - 468 rpm"
"199",2018-12-18,2018-12-18,"40","bream","borstvin rechts 2018-12-18",370,1034,"Alive",1,0,0,0,0,0,0,0,0,0,0,0,NA,NA,"OK","F/N",199,"40","control",50,NA,50,1,"F/N 40","40 F/N ja","F/N 40 brasem borstvin rechts 2018-12-18","brasem 2018-12-18","brasem borstvin rechts 2018-12-18",1,0,0,0,"468","F/N - 468 rpm"
"200",2018-12-18,2018-12-18,"40","bream","borstvin rechts 2018-12-18",412,1148,"Alive",1,0,0,0,0,0,0,0,0,0,0,0,NA,NA,"OK","F/N",200,"40","control",50,NA,50,1,"F/N 40","40 F/N ja","F/N 40 brasem borstvin rechts 2018-12-18","brasem 2018-12-18","brasem borstvin rechts 2018-12-18",1,0,0,0,"468","F/N - 468 rpm"
"201",2018-12-18,2018-12-18,"40","bream","borstvin rechts 2018-12-18",388,964,"Alive",1,0,0,0,0,0,0,0,0,0,0,0,NA,NA,"OK","F/N",201,"40","control",50,NA,50,1,"F/N 40","40 F/N ja","F/N 40 brasem borstvin rechts 2018-12-18","brasem 2018-12-18","brasem borstvin rechts 2018-12-18",1,0,0,0,"468","F/N - 468 rpm"
"202",2018-12-18,2018-12-18,"40","bream","borstvin rechts 2018-12-18",402,1289,"Alive",1,0,0,0,0,0,0,0,0,0,0,0,NA,NA,"OK","F/N",202,"40","control",50,NA,50,1,"F/N 40","40 F/N ja","F/N 40 brasem borstvin rechts 2018-12-18","brasem 2018-12-18","brasem borstvin rechts 2018-12-18",1,0,0,0,"468","F/N - 468 rpm"
"203",2018-12-18,2018-12-18,"40","bream","borstvin rechts 2018-12-18",414,1417,"Alive",1,0,0,0,0,0,0,0,0,0,0,0,NA,NA,"OK","F/N",203,"40","control",50,NA,50,1,"F/N 40","40 F/N ja","F/N 40 brasem borstvin rechts 2018-12-18","brasem 2018-12-18","brasem borstvin rechts 2018-12-18",1,0,0,0,"468","F/N - 468 rpm"
"204",2018-12-18,2018-12-18,"40","bream","borstvin rechts 2018-12-18",432,1605,"Alive",1,0,0,0,0,0,0,0,0,0,0,0,NA,NA,"OK","F/N",204,"40","control",50,NA,50,1,"F/N 40","40 F/N ja","F/N 40 brasem borstvin rechts 2018-12-18","brasem 2018-12-18","brasem borstvin rechts 2018-12-18",1,0,0,0,"468","F/N - 468 rpm"
"205",2018-12-19,2018-12-19,"47","bream","staart onder 2018-12-19",314,522.3,"Dead",0,0,0,0,1,0,0,0,0,0,0,0,NA,NA,"OK","F/N",205,"47","pump",52,NA,52,1,"F/N 47","47 F/N nee","F/N 47 brasem staart onder 2018-12-19","brasem 2018-12-19","brasem staart onder 2018-12-19",0,0,1,0,"550","F/N - 550 rpm"
"206",2018-12-19,2018-12-19,"47","bream","staart onder 2018-12-19",361,770,"Dead",0,0,0,0,1,1,0,0,0,1,0,0,NA,NA,"OK","F/N",206,"47","pump",52,NA,52,3,"F/N 47","47 F/N nee","F/N 47 brasem staart onder 2018-12-19","brasem 2018-12-19","brasem staart onder 2018-12-19",0,0,1,0,"550","F/N - 550 rpm"
"207",2018-12-19,2018-12-19,"47","bream","staart onder 2018-12-19",285,391,"Dead",0,0,0,0,0,0,0,0,1,1,0,0,NA,NA,"OK","F/N",207,"47","pump",52,NA,52,2,"F/N 47","47 F/N nee","F/N 47 brasem staart onder 2018-12-19","brasem 2018-12-19","brasem staart onder 2018-12-19",0,0,1,0,"550","F/N - 550 rpm"
"208",2018-12-19,2018-12-19,"47","bream","staart onder 2018-12-19",378.300080996101,950,"Dead",0,0,0,0,0,1,0,0,0,0,0,0,NA,NA,"OK","F/N",208,"47","pump",52,NA,52,1,"F/N 47","47 F/N nee","F/N 47 brasem staart onder 2018-12-19","brasem 2018-12-19","brasem staart onder 2018-12-19",0,0,1,0,"550","F/N - 550 rpm"
"209",2018-12-19,2018-12-19,"47","bream","staart onder 2018-12-19",350,725,"Dead",0,0,0,0,1,0,0,0,1,0,0,0,NA,NA,"OK","F/N",209,"47","pump",52,NA,52,2,"F/N 47","47 F/N nee","F/N 47 brasem staart onder 2018-12-19","brasem 2018-12-19","brasem staart onder 2018-12-19",0,0,1,0,"550","F/N - 550 rpm"
"210",2018-12-19,2018-12-19,"47","bream","staart onder 2018-12-19",405,1118,"Dead",0,0,0,0,0,1,0,0,0,0,0,0,NA,NA,"OK","F/N",210,"47","pump",52,NA,52,1,"F/N 47","47 F/N nee","F/N 47 brasem staart onder 2018-12-19","brasem 2018-12-19","brasem staart onder 2018-12-19",0,0,1,0,"550","F/N - 550 rpm"
"211",2018-12-19,2018-12-19,"47","bream","staart onder 2018-12-19",390,710,"Dead",0,0,0,0,0,1,0,0,0,0,0,0,NA,NA,"OK","F/N",211,"47","pump",52,NA,52,1,"F/N 47","47 F/N nee","F/N 47 brasem staart onder 2018-12-19","brasem 2018-12-19","brasem staart onder 2018-12-19",0,0,1,0,"550","F/N - 550 rpm"
"212",2018-12-19,2018-12-19,"47","bream","staart onder 2018-12-19",351.378121661487,700,"Dead",0,0,0,0,0,1,0,0,0,0,0,0,NA,NA,"OK","F/N",212,"47","pump",52,NA,52,1,"F/N 47","47 F/N nee","F/N 47 brasem staart onder 2018-12-19","brasem 2018-12-19","brasem staart onder 2018-12-19",0,0,1,0,"550","F/N - 550 rpm"
"213",2018-12-19,2018-12-19,"47","bream","staart onder 2018-12-19",351.378121661487,700,"Dead",0,0,0,0,0,1,0,0,0,0,0,0,NA,NA,"OK","F/N",213,"47","pump",52,NA,52,1,"F/N 47","47 F/N nee","F/N 47 brasem staart onder 2018-12-19","brasem 2018-12-19","brasem staart onder 2018-12-19",0,0,1,0,"550","F/N - 550 rpm"
"214",2018-12-19,2018-12-19,"47","bream","staart onder 2018-12-19",362.146905395333,800,"Dead",0,0,0,0,0,1,0,0,0,0,0,0,NA,NA,"OK","F/N",214,"47","pump",52,NA,52,1,"F/N 47","47 F/N nee","F/N 47 brasem staart onder 2018-12-19","brasem 2018-12-19","brasem staart onder 2018-12-19",0,0,1,0,"550","F/N - 550 rpm"
"215",2018-12-19,2018-12-19,"47","bream","staart onder 2018-12-19",360,725,"Dead",0,0,0,0,1,0,0,0,0,1,0,0,NA,NA,"OK","F/N",215,"47","pump",52,NA,52,2,"F/N 47","47 F/N nee","F/N 47 brasem staart onder 2018-12-19","brasem 2018-12-19","brasem staart onder 2018-12-19",0,0,1,0,"550","F/N - 550 rpm"
"216",2018-12-19,2018-12-19,"47","bream","staart onder 2018-12-19",375,650,"Dead",0,0,0,0,0,1,0,0,0,0,0,0,NA,NA,"OK","F/N",216,"47","pump",52,NA,52,1,"F/N 47","47 F/N nee","F/N 47 brasem staart onder 2018-12-19","brasem 2018-12-19","brasem staart onder 2018-12-19",0,0,1,0,"550","F/N - 550 rpm"
"217",2018-12-19,2018-12-19,"47","bream","staart onder 2018-12-19",351.378121661487,700,"Dead",0,0,0,0,0,1,0,0,0,0,0,0,NA,NA,"OK","F/N",217,"47","pump",52,NA,52,1,"F/N 47","47 F/N nee","F/N 47 brasem staart onder 2018-12-19","brasem 2018-12-19","brasem staart onder 2018-12-19",0,0,1,0,"550","F/N - 550 rpm"
"218",2018-12-19,2018-12-19,"47","bream","staart onder 2018-12-19",390,700,"Dead",0,0,0,0,0,1,0,0,0,0,0,0,NA,NA,"OK","F/N",218,"47","pump",52,NA,52,1,"F/N 47","47 F/N nee","F/N 47 brasem staart onder 2018-12-19","brasem 2018-12-19","brasem staart onder 2018-12-19",0,0,1,0,"550","F/N - 550 rpm"
"219",2018-12-19,2018-12-19,"47","bream","staart onder 2018-12-19",335,500,"Dead",0,0,0,0,0,1,0,0,0,0,0,0,NA,NA,"OK","F/N",219,"47","pump",52,NA,52,1,"F/N 47","47 F/N nee","F/N 47 brasem staart onder 2018-12-19","brasem 2018-12-19","brasem staart onder 2018-12-19",0,0,1,0,"550","F/N - 550 rpm"
"220",2018-12-19,2018-12-19,"47","bream","staart onder 2018-12-19",430,700,"Dead",0,0,0,0,0,1,0,0,0,0,0,0,NA,NA,"OK","F/N",220,"47","pump",52,NA,52,1,"F/N 47","47 F/N nee","F/N 47 brasem staart onder 2018-12-19","brasem 2018-12-19","brasem staart onder 2018-12-19",0,0,1,0,"550","F/N - 550 rpm"
"221",2018-12-19,2018-12-19,"47","bream","staart onder 2018-12-19",366,520,"Dead",0,0,0,0,0,1,0,0,0,0,0,0,NA,NA,"OK","F/N",221,"47","pump",52,NA,52,1,"F/N 47","47 F/N nee","F/N 47 brasem staart onder 2018-12-19","brasem 2018-12-19","brasem staart onder 2018-12-19",0,0,1,0,"550","F/N - 550 rpm"
"222",2018-12-19,2018-12-19,"47","bream","staart onder 2018-12-19",430,920,"Dead",0,0,0,0,0,1,0,0,0,0,0,0,NA,NA,"OK","F/N",222,"47","pump",52,NA,52,1,"F/N 47","47 F/N nee","F/N 47 brasem staart onder 2018-12-19","brasem 2018-12-19","brasem staart onder 2018-12-19",0,0,1,0,"550","F/N - 550 rpm"
"223",2018-12-19,2018-12-19,"47","bream","staart onder 2018-12-19",375,500,"Dead",0,0,0,0,0,1,0,0,0,0,0,0,NA,NA,"OK","F/N",223,"47","pump",52,NA,52,1,"F/N 47","47 F/N nee","F/N 47 brasem staart onder 2018-12-19","brasem 2018-12-19","brasem staart onder 2018-12-19",0,0,1,0,"550","F/N - 550 rpm"
"224",2018-12-19,2018-12-19,"47","bream","staart onder 2018-12-19",390,787,"Dead",0,0,0,0,0,1,0,0,0,0,0,0,NA,NA,"OK","F/N",224,"47","pump",52,NA,52,1,"F/N 47","47 F/N nee","F/N 47 brasem staart onder 2018-12-19","brasem 2018-12-19","brasem staart onder 2018-12-19",0,0,1,0,"550","F/N - 550 rpm"
"225",2018-12-19,2018-12-19,"47","bream","staart onder 2018-12-19",345.993729794564,650,"Dead",0,0,0,0,0,1,0,0,0,0,0,0,NA,NA,"OK","F/N",225,"47","pump",52,NA,52,1,"F/N 47","47 F/N nee","F/N 47 brasem staart onder 2018-12-19","brasem 2018-12-19","brasem staart onder 2018-12-19",0,0,1,0,"550","F/N - 550 rpm"
"226",2018-12-19,2018-12-19,"47","bream","staart onder 2018-12-19",415,1754,"Dead",0,0,0,1,0,0,0,0,0,1,0,0,NA,NA,"OK","F/N",226,"47","pump",52,NA,52,2,"F/N 47","47 F/N nee","F/N 47 brasem staart onder 2018-12-19","brasem 2018-12-19","brasem staart onder 2018-12-19",0,0,1,0,"550","F/N - 550 rpm"
"227",2018-12-19,2018-12-19,"47","bream","staart onder 2018-12-19",364,840,"Dead",0,0,0,1,0,0,0,0,0,0,0,0,NA,NA,"OK","F/N",227,"47","pump",52,NA,52,1,"F/N 47","47 F/N nee","F/N 47 brasem staart onder 2018-12-19","brasem 2018-12-19","brasem staart onder 2018-12-19",0,1,0,0,"550","F/N - 550 rpm"
"228",2018-12-19,2018-12-19,"47","bream","staart onder 2018-12-19",298,429,"Dead",0,0,0,0,0,0,0,0,0,1,0,0,NA,NA,"OK","F/N",228,"47","pump",52,NA,52,1,"F/N 47","47 F/N nee","F/N 47 brasem staart onder 2018-12-19","brasem 2018-12-19","brasem staart onder 2018-12-19",0,0,1,0,"550","F/N - 550 rpm"
"229",2018-12-19,2018-12-19,"47","bream","staart onder 2018-12-19",398,1075,"Dead",0,0,0,1,0,0,0,0,0,0,0,0,NA,NA,"OK","F/N",229,"47","pump",52,NA,52,1,"F/N 47","47 F/N nee","F/N 47 brasem staart onder 2018-12-19","brasem 2018-12-19","brasem staart onder 2018-12-19",0,1,0,0,"550","F/N - 550 rpm"
"230",2018-12-19,2018-12-19,"47","bream","staart onder 2018-12-19",316,514,"Dead",0,0,0,1,1,0,0,0,0,0,0,0,NA,NA,"OK","F/N",230,"47","pump",52,NA,52,2,"F/N 47","47 F/N nee","F/N 47 brasem staart onder 2018-12-19","brasem 2018-12-19","brasem staart onder 2018-12-19",0,0,1,0,"550","F/N - 550 rpm"
"231",2018-12-19,2018-12-19,"47","bream","staart onder 2018-12-19",325,647,"Alive",0,0,0,1,0,0,0,0,0,0,0,0,NA,NA,"OK","F/N",231,"47","pump",52,NA,52,1,"F/N 47","47 F/N nee","F/N 47 brasem staart onder 2018-12-19","brasem 2018-12-19","brasem staart onder 2018-12-19",0,1,0,0,"550","F/N - 550 rpm"
"232",2018-12-19,2018-12-19,"47","bream","staart onder 2018-12-19",363,982,"Alive",0,0,0,1,0,0,0,0,0,0,0,0,NA,NA,"OK","F/N",232,"47","pump",52,NA,52,1,"F/N 47","47 F/N nee","F/N 47 brasem staart onder 2018-12-19","brasem 2018-12-19","brasem staart onder 2018-12-19",0,1,0,0,"550","F/N - 550 rpm"
"233",2018-12-19,2018-12-19,"47","bream","staart onder 2018-12-19",320,596,"Dead",1,0,0,0,0,0,0,0,0,0,0,0,NA,NA,"OK","F/N",233,"47","pump",52,NA,52,1,"F/N 47","47 F/N nee","F/N 47 brasem staart onder 2018-12-19","brasem 2018-12-19","brasem staart onder 2018-12-19",1,0,0,0,"550","F/N - 550 rpm"
"234",2018-12-19,2018-12-19,"47","bream","staart onder 2018-12-19",385,1052,"Alive",0,0,0,1,0,0,0,0,0,0,0,0,NA,NA,"OK","F/N",234,"47","pump",52,NA,52,1,"F/N 47","47 F/N nee","F/N 47 brasem staart onder 2018-12-19","brasem 2018-12-19","brasem staart onder 2018-12-19",0,1,0,0,"550","F/N - 550 rpm"
"235",2018-12-19,2018-12-19,"47","bream","staart onder 2018-12-19",356,778,"Dead",0,0,0,0,1,0,0,0,0,0,0,0,NA,NA,"OK","F/N",235,"47","pump",52,NA,52,1,"F/N 47","47 F/N nee","F/N 47 brasem staart onder 2018-12-19","brasem 2018-12-19","brasem staart onder 2018-12-19",0,0,1,0,"550","F/N - 550 rpm"
"236",2018-12-19,2018-12-19,"47","bream","staart onder 2018-12-19",308,656,"Alive",1,0,0,0,0,0,0,0,0,0,0,0,NA,NA,"OK","F/N",236,"47","pump",52,NA,52,1,"F/N 47","47 F/N nee","F/N 47 brasem staart onder 2018-12-19","brasem 2018-12-19","brasem staart onder 2018-12-19",1,0,0,0,"550","F/N - 550 rpm"
"237",2018-12-19,2018-12-19,"47","bream","staart onder 2018-12-19",400,1134,"Alive",0,0,0,1,0,0,0,0,0,0,0,0,NA,NA,"OK","F/N",237,"47","pump",52,NA,52,1,"F/N 47","47 F/N nee","F/N 47 brasem staart onder 2018-12-19","brasem 2018-12-19","brasem staart onder 2018-12-19",0,1,0,0,"550","F/N - 550 rpm"
"238",2018-12-19,2018-12-19,"47","bream","staart onder 2018-12-19",355,770,"Dead",0,0,0,0,0,0,0,0,1,0,0,0,NA,NA,"OK","F/N",238,"47","pump",52,NA,52,1,"F/N 47","47 F/N nee","F/N 47 brasem staart onder 2018-12-19","brasem 2018-12-19","brasem staart onder 2018-12-19",0,0,1,0,"550","F/N - 550 rpm"
"239",2018-12-19,2018-12-19,"47","bream","staart onder 2018-12-19",350,795,"Dead",0,0,0,0,0,1,0,0,1,0,0,0,NA,NA,"OK","F/N",239,"47","pump",52,NA,52,2,"F/N 47","47 F/N nee","F/N 47 brasem staart onder 2018-12-19","brasem 2018-12-19","brasem staart onder 2018-12-19",0,0,1,0,"550","F/N - 550 rpm"
"240",2018-12-19,2018-12-19,"47","bream","staart onder 2018-12-19",390,1100,"Dead",0,0,0,0,0,1,0,0,1,1,0,0,NA,NA,"OK","F/N",240,"47","pump",52,NA,52,3,"F/N 47","47 F/N nee","F/N 47 brasem staart onder 2018-12-19","brasem 2018-12-19","brasem staart onder 2018-12-19",0,0,1,0,"550","F/N - 550 rpm"
"241",2018-12-19,2018-12-19,"47","bream","staart onder 2018-12-19",350,782,"Dead",0,0,0,0,1,0,0,0,0,1,0,0,NA,NA,"OK","F/N",241,"47","pump",52,NA,52,2,"F/N 47","47 F/N nee","F/N 47 brasem staart onder 2018-12-19","brasem 2018-12-19","brasem staart onder 2018-12-19",0,0,1,0,"550","F/N - 550 rpm"
"242",2018-12-19,2018-12-19,"47","bream","staart onder 2018-12-19",394,1089,"Alive",0,0,0,1,0,0,0,0,0,0,0,0,NA,NA,"OK","F/N",242,"47","pump",52,NA,52,1,"F/N 47","47 F/N nee","F/N 47 brasem staart onder 2018-12-19","brasem 2018-12-19","brasem staart onder 2018-12-19",0,1,0,0,"550","F/N - 550 rpm"
"243",2018-12-19,2018-12-19,"47","bream","staart onder 2018-12-19",355,836,"Dead",0,0,0,0,0,1,0,0,0,1,0,0,NA,NA,"OK","F/N",243,"47","pump",52,NA,52,2,"F/N 47","47 F/N nee","F/N 47 brasem staart onder 2018-12-19","brasem 2018-12-19","brasem staart onder 2018-12-19",0,0,1,0,"550","F/N - 550 rpm"
"244",2018-12-19,2018-12-19,"47","bream","staart onder 2018-12-19",326,654,"Dead",0,0,0,0,1,0,0,0,0,0,0,0,NA,NA,"OK","F/N",244,"47","pump",52,NA,52,1,"F/N 47","47 F/N nee","F/N 47 brasem staart onder 2018-12-19","brasem 2018-12-19","brasem staart onder 2018-12-19",0,0,1,0,"550","F/N - 550 rpm"
"245",2018-12-19,2018-12-19,"47","bream","staart onder 2018-12-19",385,699,"Dead",0,0,0,0,0,1,0,0,0,0,0,0,NA,NA,"OK","F/N",245,"47","pump",52,NA,52,1,"F/N 47","47 F/N nee","F/N 47 brasem staart onder 2018-12-19","brasem 2018-12-19","brasem staart onder 2018-12-19",0,0,1,0,"550","F/N - 550 rpm"
"246",2018-12-19,2018-12-19,"47","bream","staart onder 2018-12-19",360,500,"Dead",0,0,0,0,0,1,0,0,0,0,0,0,NA,NA,"OK","F/N",246,"47","pump",52,NA,52,1,"F/N 47","47 F/N nee","F/N 47 brasem staart onder 2018-12-19","brasem 2018-12-19","brasem staart onder 2018-12-19",0,0,1,0,"550","F/N - 550 rpm"
"247",2018-12-19,2018-12-19,"47","bream","staart onder 2018-12-19",329.840554193796,500,"Dead",0,0,0,0,0,1,0,0,0,0,0,0,NA,NA,"OK","F/N",247,"47","pump",52,NA,52,1,"F/N 47","47 F/N nee","F/N 47 brasem staart onder 2018-12-19","brasem 2018-12-19","brasem staart onder 2018-12-19",0,0,1,0,"550","F/N - 550 rpm"
"248",2018-12-19,2018-12-19,"47","bream","staart onder 2018-12-19",356,750,"Alive",0,0,0,1,0,0,0,0,0,0,0,0,NA,NA,"OK","F/N",248,"47","pump",52,NA,52,1,"F/N 47","47 F/N nee","F/N 47 brasem staart onder 2018-12-19","brasem 2018-12-19","brasem staart onder 2018-12-19",0,1,0,0,"550","F/N - 550 rpm"
"249",2018-12-19,2018-12-19,"47","bream","staart onder 2018-12-19",390,1100,"Dead",0,0,0,0,1,1,0,0,1,0,0,0,NA,NA,"OK","F/N",249,"47","pump",52,NA,52,3,"F/N 47","47 F/N nee","F/N 47 brasem staart onder 2018-12-19","brasem 2018-12-19","brasem staart onder 2018-12-19",0,0,1,0,"550","F/N - 550 rpm"
"250",2018-12-19,2018-12-19,"47","bream","staart onder 2018-12-19",340.609337927641,600,"Dead",0,0,0,0,0,1,0,0,0,0,0,0,NA,NA,"OK","F/N",250,"47","pump",52,NA,52,1,"F/N 47","47 F/N nee","F/N 47 brasem staart onder 2018-12-19","brasem 2018-12-19","brasem staart onder 2018-12-19",0,0,1,0,"550","F/N - 550 rpm"
"251",2018-12-19,2018-12-19,"47","bream","staart onder 2018-12-19",395,800,"Dead",0,0,0,0,0,1,0,0,0,0,0,0,NA,NA,"OK","F/N",251,"47","pump",52,NA,52,1,"F/N 47","47 F/N nee","F/N 47 brasem staart onder 2018-12-19","brasem 2018-12-19","brasem staart onder 2018-12-19",0,0,1,0,"550","F/N - 550 rpm"
"252",2018-12-19,2018-12-19,"47","bream","staart onder 2018-12-19",385,903,"Dead",0,0,0,0,1,1,0,0,0,1,0,0,NA,NA,"OK","F/N",252,"47","pump",52,NA,52,3,"F/N 47","47 F/N nee","F/N 47 brasem staart onder 2018-12-19","brasem 2018-12-19","brasem staart onder 2018-12-19",0,0,1,0,"550","F/N - 550 rpm"
"253",2018-12-19,2018-12-20,"47","bream","staart onder 2018-12-19",375,879,"Dead",0,0,0,0,0,1,0,0,1,0,0,0,NA,NA,"OK","F/N",253,"47","pump",52,NA,52,2,"F/N 47","47 F/N nee","F/N 47 brasem staart onder 2018-12-19","brasem 2018-12-19","brasem staart onder 2018-12-19",0,0,1,0,"550","F/N - 550 rpm"
"254",2018-12-19,2018-12-20,"47","bream","staart onder 2018-12-19",335,640,"Alive",0,0,0,1,0,0,0,0,0,0,0,0,NA,NA,"OK","F/N",254,"47","pump",52,NA,52,1,"F/N 47","47 F/N nee","F/N 47 brasem staart onder 2018-12-19","brasem 2018-12-19","brasem staart onder 2018-12-19",0,1,0,0,"550","F/N - 550 rpm"
"255",2018-12-19,2018-12-20,"47","bream","staart onder 2018-12-19",336,657,"Alive",0,0,0,1,0,0,0,0,0,0,0,0,NA,NA,"OK","F/N",255,"47","pump",52,NA,52,1,"F/N 47","47 F/N nee","F/N 47 brasem staart onder 2018-12-19","brasem 2018-12-19","brasem staart onder 2018-12-19",0,1,0,0,"550","F/N - 550 rpm"
"256",2018-12-19,2018-12-20,"47","bream","staart onder 2018-12-19",340,657,"Alive",0,0,0,1,0,0,0,0,0,0,0,0,NA,NA,"OK","F/N",256,"47","pump",52,NA,52,1,"F/N 47","47 F/N nee","F/N 47 brasem staart onder 2018-12-19","brasem 2018-12-19","brasem staart onder 2018-12-19",0,1,0,0,"550","F/N - 550 rpm"
"257",2018-12-19,2018-12-19,"47","bream","borstvin links 2018-12-19",408,1367,"Alive",1,0,0,0,0,0,0,0,0,0,0,0,NA,NA,"OK","F/N",257,"47","control",45,NA,45,1,"F/N 47","47 F/N ja","F/N 47 brasem borstvin links 2018-12-19","brasem 2018-12-19","brasem borstvin links 2018-12-19",1,0,0,0,"550","F/N - 550 rpm"
"258",2018-12-19,2018-12-19,"47","bream","borstvin links 2018-12-19",420,1374,"Alive",1,0,0,0,0,0,0,0,0,0,0,0,NA,NA,"OK","F/N",258,"47","control",45,NA,45,1,"F/N 47","47 F/N ja","F/N 47 brasem borstvin links 2018-12-19","brasem 2018-12-19","brasem borstvin links 2018-12-19",1,0,0,0,"550","F/N - 550 rpm"
"259",2018-12-19,2018-12-19,"47","bream","borstvin links 2018-12-19",425,1438,"Alive",1,0,0,0,0,0,0,0,0,0,0,0,NA,NA,"OK","F/N",259,"47","control",45,NA,45,1,"F/N 47","47 F/N ja","F/N 47 brasem borstvin links 2018-12-19","brasem 2018-12-19","brasem borstvin links 2018-12-19",1,0,0,0,"550","F/N - 550 rpm"
"260",2018-12-19,2018-12-19,"47","bream","borstvin links 2018-12-19",405,1221,"Alive",1,0,0,0,0,0,0,0,0,0,0,0,NA,NA,"OK","F/N",260,"47","control",45,NA,45,1,"F/N 47","47 F/N ja","F/N 47 brasem borstvin links 2018-12-19","brasem 2018-12-19","brasem borstvin links 2018-12-19",1,0,0,0,"550","F/N - 550 rpm"
"261",2018-12-19,2018-12-19,"47","bream","borstvin links 2018-12-19",420,1409,"Alive",1,0,0,0,0,0,0,0,0,0,0,0,NA,NA,"OK","F/N",261,"47","control",45,NA,45,1,"F/N 47","47 F/N ja","F/N 47 brasem borstvin links 2018-12-19","brasem 2018-12-19","brasem borstvin links 2018-12-19",1,0,0,0,"550","F/N - 550 rpm"
"262",2018-12-19,2018-12-19,"47","bream","borstvin links 2018-12-19",412,1270,"Alive",1,0,0,0,0,0,0,0,0,0,0,0,NA,NA,"OK","F/N",262,"47","control",45,NA,45,1,"F/N 47","47 F/N ja","F/N 47 brasem borstvin links 2018-12-19","brasem 2018-12-19","brasem borstvin links 2018-12-19",1,0,0,0,"550","F/N - 550 rpm"
"263",2018-12-19,2018-12-19,"47","bream","borstvin links 2018-12-19",425,982,"Alive",1,0,0,0,0,0,0,0,0,0,0,0,NA,NA,"OK","F/N",263,"47","control",45,NA,45,1,"F/N 47","47 F/N ja","F/N 47 brasem borstvin links 2018-12-19","brasem 2018-12-19","brasem borstvin links 2018-12-19",1,0,0,0,"550","F/N - 550 rpm"
"264",2018-12-19,2018-12-19,"47","bream","borstvin links 2018-12-19",385,1028,"Alive",1,0,0,0,0,0,0,0,0,0,0,0,NA,NA,"OK","F/N",264,"47","control",45,NA,45,1,"F/N 47","47 F/N ja","F/N 47 brasem borstvin links 2018-12-19","brasem 2018-12-19","brasem borstvin links 2018-12-19",1,0,0,0,"550","F/N - 550 rpm"
"265",2018-12-19,2018-12-19,"47","bream","borstvin links 2018-12-19",415,1293,"Alive",1,0,0,0,0,0,0,0,0,0,0,0,NA,NA,"OK","F/N",265,"47","control",45,NA,45,1,"F/N 47","47 F/N ja","F/N 47 brasem borstvin links 2018-12-19","brasem 2018-12-19","brasem borstvin links 2018-12-19",1,0,0,0,"550","F/N - 550 rpm"
"266",2018-12-19,2018-12-19,"47","bream","borstvin links 2018-12-19",402,1178,"Alive",1,0,0,0,0,0,0,0,0,0,0,0,NA,NA,"OK","F/N",266,"47","control",45,NA,45,1,"F/N 47","47 F/N ja","F/N 47 brasem borstvin links 2018-12-19","brasem 2018-12-19","brasem borstvin links 2018-12-19",1,0,0,0,"550","F/N - 550 rpm"
"267",2018-12-19,2018-12-19,"47","bream","borstvin links 2018-12-19",370,845,"Alive",1,0,0,0,0,0,0,0,0,0,0,0,NA,NA,"OK","F/N",267,"47","control",45,NA,45,1,"F/N 47","47 F/N ja","F/N 47 brasem borstvin links 2018-12-19","brasem 2018-12-19","brasem borstvin links 2018-12-19",1,0,0,0,"550","F/N - 550 rpm"
"268",2018-12-19,2018-12-19,"47","bream","borstvin links 2018-12-19",425,1275,"Alive",1,0,0,0,0,0,0,0,0,0,0,0,NA,NA,"OK","F/N",268,"47","control",45,NA,45,1,"F/N 47","47 F/N ja","F/N 47 brasem borstvin links 2018-12-19","brasem 2018-12-19","brasem borstvin links 2018-12-19",1,0,0,0,"550","F/N - 550 rpm"
"269",2018-12-19,2018-12-19,"47","bream","borstvin links 2018-12-19",405,1173,"Alive",1,0,0,0,0,0,0,0,0,0,0,0,NA,NA,"OK","F/N",269,"47","control",45,NA,45,1,"F/N 47","47 F/N ja","F/N 47 brasem borstvin links 2018-12-19","brasem 2018-12-19","brasem borstvin links 2018-12-19",1,0,0,0,"550","F/N - 550 rpm"
"270",2018-12-19,2018-12-19,"47","bream","borstvin links 2018-12-19",400,1149,"Alive",0,0,0,1,0,0,0,0,0,0,0,0,NA,NA,"OK","F/N",270,"47","control",45,NA,45,1,"F/N 47","47 F/N ja","F/N 47 brasem borstvin links 2018-12-19","brasem 2018-12-19","brasem borstvin links 2018-12-19",0,1,0,0,"550","F/N - 550 rpm"
"271",2018-12-19,2018-12-19,"47","bream","borstvin links 2018-12-19",408,1267,"Alive",1,0,0,0,0,0,0,0,0,0,0,0,NA,NA,"OK","F/N",271,"47","control",45,NA,45,1,"F/N 47","47 F/N ja","F/N 47 brasem borstvin links 2018-12-19","brasem 2018-12-19","brasem borstvin links 2018-12-19",1,0,0,0,"550","F/N - 550 rpm"
"272",2018-12-19,2018-12-19,"47","bream","borstvin links 2018-12-19",428,1421,"Alive",1,0,0,0,0,0,0,0,0,0,0,0,NA,NA,"OK","F/N",272,"47","control",45,NA,45,1,"F/N 47","47 F/N ja","F/N 47 brasem borstvin links 2018-12-19","brasem 2018-12-19","brasem borstvin links 2018-12-19",1,0,0,0,"550","F/N - 550 rpm"
"273",2018-12-19,2018-12-19,"47","bream","borstvin links 2018-12-19",435,1708,"Alive",1,0,0,0,0,0,0,0,0,0,0,0,NA,NA,"OK","F/N",273,"47","control",45,NA,45,1,"F/N 47","47 F/N ja","F/N 47 brasem borstvin links 2018-12-19","brasem 2018-12-19","brasem borstvin links 2018-12-19",1,0,0,0,"550","F/N - 550 rpm"
"274",2018-12-19,2018-12-19,"47","bream","borstvin links 2018-12-19",365,1054,"Alive",1,0,0,0,0,0,0,0,0,0,0,0,NA,NA,"OK","F/N",274,"47","control",45,NA,45,1,"F/N 47","47 F/N ja","F/N 47 brasem borstvin links 2018-12-19","brasem 2018-12-19","brasem borstvin links 2018-12-19",1,0,0,0,"550","F/N - 550 rpm"
"275",2018-12-19,2018-12-19,"47","bream","borstvin links 2018-12-19",405,1312,"Alive",1,0,0,0,0,0,0,0,0,0,0,0,NA,NA,"OK","F/N",275,"47","control",45,NA,45,1,"F/N 47","47 F/N ja","F/N 47 brasem borstvin links 2018-12-19","brasem 2018-12-19","brasem borstvin links 2018-12-19",1,0,0,0,"550","F/N - 550 rpm"
"276",2018-12-19,2018-12-19,"47","bream","borstvin links 2018-12-19",383,1060,"Alive",1,0,0,0,0,0,0,0,0,0,0,0,NA,NA,"OK","F/N",276,"47","control",45,NA,45,1,"F/N 47","47 F/N ja","F/N 47 brasem borstvin links 2018-12-19","brasem 2018-12-19","brasem borstvin links 2018-12-19",1,0,0,0,"550","F/N - 550 rpm"
"277",2018-12-19,2018-12-19,"47","bream","borstvin links 2018-12-19",453,1684,"Alive",1,0,0,0,0,0,0,0,0,0,0,0,NA,NA,"OK","F/N",277,"47","control",45,NA,45,1,"F/N 47","47 F/N ja","F/N 47 brasem borstvin links 2018-12-19","brasem 2018-12-19","brasem borstvin links 2018-12-19",1,0,0,0,"550","F/N - 550 rpm"
"278",2018-12-19,2018-12-19,"47","bream","borstvin links 2018-12-19",428,1524,"Alive",1,0,0,0,0,0,0,0,0,0,0,0,NA,NA,"OK","F/N",278,"47","control",45,NA,45,1,"F/N 47","47 F/N ja","F/N 47 brasem borstvin links 2018-12-19","brasem 2018-12-19","brasem borstvin links 2018-12-19",1,0,0,0,"550","F/N - 550 rpm"
"279",2018-12-19,2018-12-19,"47","bream","borstvin links 2018-12-19",398,1154,"Alive",1,0,0,0,0,0,0,0,0,0,0,0,NA,NA,"OK","F/N",279,"47","control",45,NA,45,1,"F/N 47","47 F/N ja","F/N 47 brasem borstvin links 2018-12-19","brasem 2018-12-19","brasem borstvin links 2018-12-19",1,0,0,0,"550","F/N - 550 rpm"
"280",2018-12-19,2018-12-19,"47","bream","borstvin links 2018-12-19",385,1061,"Alive",1,0,0,0,0,0,0,0,0,0,0,0,NA,NA,"OK","F/N",280,"47","control",45,NA,45,1,"F/N 47","47 F/N ja","F/N 47 brasem borstvin links 2018-12-19","brasem 2018-12-19","brasem borstvin links 2018-12-19",1,0,0,0,"550","F/N - 550 rpm"
"281",2018-12-19,2018-12-19,"47","bream","borstvin links 2018-12-19",425,1343,"Alive",1,0,0,0,0,0,0,0,0,0,0,0,NA,NA,"OK","F/N",281,"47","control",45,NA,45,1,"F/N 47","47 F/N ja","F/N 47 brasem borstvin links 2018-12-19","brasem 2018-12-19","brasem borstvin links 2018-12-19",1,0,0,0,"550","F/N - 550 rpm"
"282",2018-12-19,2018-12-19,"47","bream","borstvin links 2018-12-19",420,1422,"Alive",1,0,0,0,0,0,0,0,0,0,0,0,NA,NA,"OK","F/N",282,"47","control",45,NA,45,1,"F/N 47","47 F/N ja","F/N 47 brasem borstvin links 2018-12-19","brasem 2018-12-19","brasem borstvin links 2018-12-19",1,0,0,0,"550","F/N - 550 rpm"
"283",2018-12-19,2018-12-19,"47","bream","borstvin links 2018-12-19",395,1140,"Alive",1,0,0,0,0,0,0,0,0,0,0,0,NA,NA,"OK","F/N",283,"47","control",45,NA,45,1,"F/N 47","47 F/N ja","F/N 47 brasem borstvin links 2018-12-19","brasem 2018-12-19","brasem borstvin links 2018-12-19",1,0,0,0,"550","F/N - 550 rpm"
"284",2018-12-19,2018-12-19,"47","bream","borstvin links 2018-12-19",378,1010,"Alive",1,0,0,0,0,0,0,0,0,0,0,0,NA,NA,"OK","F/N",284,"47","control",45,NA,45,1,"F/N 47","47 F/N ja","F/N 47 brasem borstvin links 2018-12-19","brasem 2018-12-19","brasem borstvin links 2018-12-19",1,0,0,0,"550","F/N - 550 rpm"
"285",2018-12-19,2018-12-19,"47","bream","borstvin links 2018-12-19",418,1498,"Alive",1,0,0,0,0,0,0,0,0,0,0,0,NA,NA,"OK","F/N",285,"47","control",45,NA,45,1,"F/N 47","47 F/N ja","F/N 47 brasem borstvin links 2018-12-19","brasem 2018-12-19","brasem borstvin links 2018-12-19",1,0,0,0,"550","F/N - 550 rpm"
"286",2018-12-19,2018-12-19,"47","bream","borstvin links 2018-12-19",420,1436,"Alive",1,0,0,0,0,0,0,0,0,0,0,0,NA,NA,"OK","F/N",286,"47","control",45,NA,45,1,"F/N 47","47 F/N ja","F/N 47 brasem borstvin links 2018-12-19","brasem 2018-12-19","brasem borstvin links 2018-12-19",1,0,0,0,"550","F/N - 550 rpm"
"287",2018-12-19,2018-12-19,"47","bream","borstvin links 2018-12-19",375,1043,"Alive",1,0,0,0,0,0,0,0,0,0,0,0,NA,NA,"OK","F/N",287,"47","control",45,NA,45,1,"F/N 47","47 F/N ja","F/N 47 brasem borstvin links 2018-12-19","brasem 2018-12-19","brasem borstvin links 2018-12-19",1,0,0,0,"550","F/N - 550 rpm"
"288",2018-12-19,2018-12-19,"47","bream","borstvin links 2018-12-19",403,1220,"Alive",1,0,0,0,0,0,0,0,0,0,0,0,NA,NA,"OK","F/N",288,"47","control",45,NA,45,1,"F/N 47","47 F/N ja","F/N 47 brasem borstvin links 2018-12-19","brasem 2018-12-19","brasem borstvin links 2018-12-19",1,0,0,0,"550","F/N - 550 rpm"
"289",2018-12-19,2018-12-19,"47","bream","borstvin links 2018-12-19",376,929,"Alive",1,0,0,0,0,0,0,0,0,0,0,0,NA,NA,"OK","F/N",289,"47","control",45,NA,45,1,"F/N 47","47 F/N ja","F/N 47 brasem borstvin links 2018-12-19","brasem 2018-12-19","brasem borstvin links 2018-12-19",1,0,0,0,"550","F/N - 550 rpm"
"290",2018-12-19,2018-12-19,"47","bream","borstvin links 2018-12-19",420,1250,"Alive",1,0,0,0,0,0,0,0,0,0,0,0,NA,NA,"OK","F/N",290,"47","control",45,NA,45,1,"F/N 47","47 F/N ja","F/N 47 brasem borstvin links 2018-12-19","brasem 2018-12-19","brasem borstvin links 2018-12-19",1,0,0,0,"550","F/N - 550 rpm"
"291",2018-12-19,2018-12-19,"47","bream","borstvin links 2018-12-19",448,1632,"Alive",1,0,0,0,0,0,0,0,0,0,0,0,NA,NA,"OK","F/N",291,"47","control",45,NA,45,1,"F/N 47","47 F/N ja","F/N 47 brasem borstvin links 2018-12-19","brasem 2018-12-19","brasem borstvin links 2018-12-19",1,0,0,0,"550","F/N - 550 rpm"
"292",2018-12-19,2018-12-19,"47","bream","borstvin links 2018-12-19",438,1501,"Alive",1,0,0,0,0,0,0,0,0,0,0,0,NA,NA,"OK","F/N",292,"47","control",45,NA,45,1,"F/N 47","47 F/N ja","F/N 47 brasem borstvin links 2018-12-19","brasem 2018-12-19","brasem borstvin links 2018-12-19",1,0,0,0,"550","F/N - 550 rpm"
"293",2018-12-19,2018-12-19,"47","bream","borstvin links 2018-12-19",395,1265,"Alive",1,0,0,0,0,0,0,0,0,0,0,0,NA,NA,"OK","F/N",293,"47","control",45,NA,45,1,"F/N 47","47 F/N ja","F/N 47 brasem borstvin links 2018-12-19","brasem 2018-12-19","brasem borstvin links 2018-12-19",1,0,0,0,"550","F/N - 550 rpm"
"294",2018-12-19,2018-12-19,"47","bream","borstvin links 2018-12-19",412,1360,"Alive",1,0,0,0,0,0,0,0,0,0,0,0,NA,NA,"OK","F/N",294,"47","control",45,NA,45,1,"F/N 47","47 F/N ja","F/N 47 brasem borstvin links 2018-12-19","brasem 2018-12-19","brasem borstvin links 2018-12-19",1,0,0,0,"550","F/N - 550 rpm"
"295",2018-12-19,2018-12-19,"47","bream","borstvin links 2018-12-19",420,1455,"Alive",1,0,0,0,0,0,0,0,0,0,0,0,NA,NA,"OK","F/N",295,"47","control",45,NA,45,1,"F/N 47","47 F/N ja","F/N 47 brasem borstvin links 2018-12-19","brasem 2018-12-19","brasem borstvin links 2018-12-19",1,0,0,0,"550","F/N - 550 rpm"
"296",2018-12-19,2018-12-19,"47","bream","borstvin links 2018-12-19",365,886,"Alive",1,0,0,0,0,0,0,0,0,0,0,0,NA,NA,"OK","F/N",296,"47","control",45,NA,45,1,"F/N 47","47 F/N ja","F/N 47 brasem borstvin links 2018-12-19","brasem 2018-12-19","brasem borstvin links 2018-12-19",1,0,0,0,"550","F/N - 550 rpm"
"297",2018-12-19,2018-12-19,"47","bream","borstvin links 2018-12-19",382,1012,"Alive",1,0,0,0,0,0,0,0,0,0,0,0,NA,NA,"OK","F/N",297,"47","control",45,NA,45,1,"F/N 47","47 F/N ja","F/N 47 brasem borstvin links 2018-12-19","brasem 2018-12-19","brasem borstvin links 2018-12-19",1,0,0,0,"550","F/N - 550 rpm"
"298",2018-12-19,2018-12-19,"47","bream","borstvin links 2018-12-19",418,1262,"Alive",1,0,0,0,0,0,0,0,0,0,0,0,NA,NA,"OK","F/N",298,"47","control",45,NA,45,1,"F/N 47","47 F/N ja","F/N 47 brasem borstvin links 2018-12-19","brasem 2018-12-19","brasem borstvin links 2018-12-19",1,0,0,0,"550","F/N - 550 rpm"
"299",2018-12-19,2018-12-19,"47","bream","borstvin links 2018-12-19",400,1133,"Alive",1,0,0,0,0,0,0,0,0,0,0,0,NA,NA,"OK","F/N",299,"47","control",45,NA,45,1,"F/N 47","47 F/N ja","F/N 47 brasem borstvin links 2018-12-19","brasem 2018-12-19","brasem borstvin links 2018-12-19",1,0,0,0,"550","F/N - 550 rpm"
"300",2018-12-19,2018-12-19,"47","bream","borstvin links 2018-12-19",414,1269,"Alive",1,0,0,0,0,0,0,0,0,0,0,0,NA,NA,"OK","F/N",300,"47","control",45,NA,45,1,"F/N 47","47 F/N ja","F/N 47 brasem borstvin links 2018-12-19","brasem 2018-12-19","brasem borstvin links 2018-12-19",1,0,0,0,"550","F/N - 550 rpm"
