"","Date_input","Date_recapture","Frequency","Species","Fin_cut","Length","Weight","State","SampleSize","Capture_Location","Location","Pump_type","Individuals_ID","Number_Injuries","Control","Pump_type_Frequency","Pump_type_Frequency_Controle","Scenario_rep","Scenario_control","Species_Fin_cut","Injury_type_no","Injury_type_slight","Injury_type_severe","Injury_type_dead","rpm","Pump_type_rpm","Injury","Value"
"1",2018-12-13,2018-12-13,NA,"roach","NA 2018-12-13",53,1.8,"Dead",NA,NA,"OK","Axial",10,1,"pump","Axial","Axial","Axial blankvoorn","blankvoorn 2018-12-13","blankvoorn",0,0,1,0,NA,"Axial","Class_1",0
"2",2018-12-13,2018-12-13,NA,"roach","NA 2018-12-13",42,NA,"Dead",NA,NA,"OK","Axial",11,1,"pump","Axial","Axial","Axial blankvoorn","blankvoorn 2018-12-13","blankvoorn",0,0,1,0,NA,"Axial","Class_1",0
"3",2018-12-13,2018-12-13,NA,"roach","NA 2018-12-13",87,9.4,"Dead",NA,NA,"OK","Axial",12,2,"pump","Axial","Axial","Axial blankvoorn","blankvoorn 2018-12-13","blankvoorn",0,0,1,0,NA,"Axial","Class_1",0
"4",2018-12-13,2018-12-13,NA,"roach","NA 2018-12-13",43,0.6,"Dead",NA,NA,"OK","Axial",14,1,"pump","Axial","Axial","Axial blankvoorn","blankvoorn 2018-12-13","blankvoorn",0,0,1,0,NA,"Axial","Class_1",0
"5",2018-12-13,2018-12-13,NA,"roach","NA 2018-12-13",55,2,"Alive",NA,NA,"OK","Axial",15,1,"pump","Axial","Axial","Axial blankvoorn","blankvoorn 2018-12-13","blankvoorn",1,0,0,0,NA,"Axial","Class_1",1
"6",2018-12-13,2018-12-13,NA,"roach","NA 2018-12-13",45,0.9,"Dead",NA,NA,"OK","Axial",19,1,"pump","Axial","Axial","Axial blankvoorn","blankvoorn 2018-12-13","blankvoorn",0,0,1,0,NA,"Axial","Class_1",0
"7",2018-12-13,2018-12-13,NA,"roach","NA 2018-12-13",87,8.9,"Alive",NA,NA,"OK","Axial",21,1,"pump","Axial","Axial","Axial blankvoorn","blankvoorn 2018-12-13","blankvoorn",1,0,0,0,NA,"Axial","Class_1",1
"8",2018-12-13,2018-12-13,NA,"roach","NA 2018-12-13",55,1.4,"Alive",NA,NA,"OK","Axial",24,1,"pump","Axial","Axial","Axial blankvoorn","blankvoorn 2018-12-13","blankvoorn",1,0,0,0,NA,"Axial","Class_1",1
"9",2018-12-13,2018-12-13,NA,"roach","NA 2018-12-13",61,2.9,"Alive",NA,NA,"OK","Axial",25,1,"pump","Axial","Axial","Axial blankvoorn","blankvoorn 2018-12-13","blankvoorn",1,0,0,0,NA,"Axial","Class_1",1
"10",2018-12-12,2018-12-12,NA,"roach","NA 2018-12-12",108,22.4,"Dead",NA,NA,"OK","Axial",26,1,"pump","Axial","Axial","Axial blankvoorn","blankvoorn 2018-12-12","blankvoorn",0,0,1,0,NA,"Axial","Class_1",0
"11",2018-12-12,2018-12-12,NA,"roach","NA 2018-12-12",158,59,"Dead",NA,NA,"OK","Axial",27,2,"pump","Axial","Axial","Axial blankvoorn","blankvoorn 2018-12-12","blankvoorn",0,0,1,0,NA,"Axial","Class_1",0
"12",2018-12-12,2018-12-12,NA,"roach","NA 2018-12-12",59,1.4,"Dead",NA,NA,"OK","Axial",28,1,"pump","Axial","Axial","Axial blankvoorn","blankvoorn 2018-12-12","blankvoorn",0,0,1,0,NA,"Axial","Class_1",0
"13",2018-12-12,2018-12-12,NA,"roach","NA 2018-12-12",104,13.1,"Dead",NA,NA,"OK","Axial",29,1,"pump","Axial","Axial","Axial blankvoorn","blankvoorn 2018-12-12","blankvoorn",0,0,1,0,NA,"Axial","Class_1",0
"14",2018-12-12,2018-12-12,NA,"roach","NA 2018-12-12",75,3.8,"Dead",NA,NA,"OK","Axial",30,2,"pump","Axial","Axial","Axial blankvoorn","blankvoorn 2018-12-12","blankvoorn",0,0,1,0,NA,"Axial","Class_1",0
"15",2018-12-12,2018-12-12,NA,"roach","NA 2018-12-12",155,NA,"Dead",NA,NA,"OK","Axial",31,1,"pump","Axial","Axial","Axial blankvoorn","blankvoorn 2018-12-12","blankvoorn",0,0,1,0,NA,"Axial","Class_1",0
"16",2018-12-12,2018-12-12,NA,"roach","NA 2018-12-12",95,NA,"Dead",NA,NA,"OK","Axial",32,1,"pump","Axial","Axial","Axial blankvoorn","blankvoorn 2018-12-12","blankvoorn",0,0,1,0,NA,"Axial","Class_1",0
"17",2018-12-12,2018-12-12,NA,"roach","NA 2018-12-12",105,NA,"Dead",NA,NA,"OK","Axial",33,1,"pump","Axial","Axial","Axial blankvoorn","blankvoorn 2018-12-12","blankvoorn",0,0,1,0,NA,"Axial","Class_1",0
"18",2018-12-12,2018-12-12,NA,"roach","NA 2018-12-12",65,NA,"Dead",NA,NA,"OK","Axial",34,1,"pump","Axial","Axial","Axial blankvoorn","blankvoorn 2018-12-12","blankvoorn",0,0,1,0,NA,"Axial","Class_1",0
"19",2018-12-12,2018-12-12,NA,"roach","NA 2018-12-12",60,NA,"Dead",NA,NA,"OK","Axial",35,1,"pump","Axial","Axial","Axial blankvoorn","blankvoorn 2018-12-12","blankvoorn",0,0,1,0,NA,"Axial","Class_1",0
"20",2018-12-12,2018-12-12,NA,"roach","NA 2018-12-12",57,1,"Dead",NA,NA,"OK","Axial",37,1,"pump","Axial","Axial","Axial blankvoorn","blankvoorn 2018-12-12","blankvoorn",0,0,1,0,NA,"Axial","Class_1",0
"21",2018-12-12,2018-12-12,NA,"roach","NA 2018-12-12",55,1.8,"Alive",NA,NA,"OK","Axial",38,1,"pump","Axial","Axial","Axial blankvoorn","blankvoorn 2018-12-12","blankvoorn",1,0,0,0,NA,"Axial","Class_1",1
"22",2018-12-12,2018-12-12,NA,"roach","NA 2018-12-12",88,11.3,"Alive",NA,NA,"OK","Axial",39,1,"pump","Axial","Axial","Axial blankvoorn","blankvoorn 2018-12-12","blankvoorn",0,1,0,0,NA,"Axial","Class_1",0
"23",2018-12-12,2018-12-12,NA,"roach","NA 2018-12-12",62,2.1,"Alive",NA,NA,"OK","Axial",40,1,"pump","Axial","Axial","Axial blankvoorn","blankvoorn 2018-12-12","blankvoorn",0,1,0,0,NA,"Axial","Class_1",0
"24",2018-12-12,2018-12-12,NA,"roach","NA 2018-12-12",55,1.6,"Alive",NA,NA,"OK","Axial",41,1,"pump","Axial","Axial","Axial blankvoorn","blankvoorn 2018-12-12","blankvoorn",1,0,0,0,NA,"Axial","Class_1",1
"25",2018-12-12,2018-12-12,NA,"roach","NA 2018-12-12",63,2.4,"Alive",NA,NA,"OK","Axial",42,1,"pump","Axial","Axial","Axial blankvoorn","blankvoorn 2018-12-12","blankvoorn",0,1,0,0,NA,"Axial","Class_1",0
"26",2018-12-12,2018-12-12,NA,"roach","NA 2018-12-12",54,1.6,"Alive",NA,NA,"OK","Axial",43,1,"pump","Axial","Axial","Axial blankvoorn","blankvoorn 2018-12-12","blankvoorn",0,1,0,0,NA,"Axial","Class_1",0
"27",2018-12-12,2018-12-12,NA,"roach","NA 2018-12-12",61,2.7,"Alive",NA,NA,"OK","Axial",44,1,"pump","Axial","Axial","Axial blankvoorn","blankvoorn 2018-12-12","blankvoorn",0,1,0,0,NA,"Axial","Class_1",0
"28",2018-12-12,2018-12-12,NA,"roach","NA 2018-12-12",52,1.5,"Alive",NA,NA,"OK","Axial",45,1,"pump","Axial","Axial","Axial blankvoorn","blankvoorn 2018-12-12","blankvoorn",1,0,0,0,NA,"Axial","Class_1",1
"29",2018-12-12,2018-12-12,NA,"roach","NA 2018-12-12",93,9.8,"Alive",NA,NA,"OK","Axial",46,1,"pump","Axial","Axial","Axial blankvoorn","blankvoorn 2018-12-12","blankvoorn",1,0,0,0,NA,"Axial","Class_1",1
"30",2018-12-12,2018-12-12,NA,"roach","NA 2018-12-12",54,1.4,"Dead",NA,NA,"OK","Axial",47,1,"pump","Axial","Axial","Axial blankvoorn","blankvoorn 2018-12-12","blankvoorn",0,0,1,0,NA,"Axial","Class_1",0
"31",2018-12-12,2018-12-12,NA,"roach","NA 2018-12-12",46,0.8,"Alive",NA,NA,"OK","Axial",48,1,"pump","Axial","Axial","Axial blankvoorn","blankvoorn 2018-12-12","blankvoorn",1,0,0,0,NA,"Axial","Class_1",1
"32",2018-12-13,2018-12-13,NA,"roach","NA 2018-12-13",53,1.8,"Dead",NA,NA,"OK","Axial",10,1,"pump","Axial","Axial","Axial blankvoorn","blankvoorn 2018-12-13","blankvoorn",0,0,1,0,NA,"Axial","Class_2.1",0
"33",2018-12-13,2018-12-13,NA,"roach","NA 2018-12-13",42,NA,"Dead",NA,NA,"OK","Axial",11,1,"pump","Axial","Axial","Axial blankvoorn","blankvoorn 2018-12-13","blankvoorn",0,0,1,0,NA,"Axial","Class_2.1",0
"34",2018-12-13,2018-12-13,NA,"roach","NA 2018-12-13",87,9.4,"Dead",NA,NA,"OK","Axial",12,2,"pump","Axial","Axial","Axial blankvoorn","blankvoorn 2018-12-13","blankvoorn",0,0,1,0,NA,"Axial","Class_2.1",0
"35",2018-12-13,2018-12-13,NA,"roach","NA 2018-12-13",43,0.6,"Dead",NA,NA,"OK","Axial",14,1,"pump","Axial","Axial","Axial blankvoorn","blankvoorn 2018-12-13","blankvoorn",0,0,1,0,NA,"Axial","Class_2.1",0
"36",2018-12-13,2018-12-13,NA,"roach","NA 2018-12-13",55,2,"Alive",NA,NA,"OK","Axial",15,1,"pump","Axial","Axial","Axial blankvoorn","blankvoorn 2018-12-13","blankvoorn",1,0,0,0,NA,"Axial","Class_2.1",0
"37",2018-12-13,2018-12-13,NA,"roach","NA 2018-12-13",45,0.9,"Dead",NA,NA,"OK","Axial",19,1,"pump","Axial","Axial","Axial blankvoorn","blankvoorn 2018-12-13","blankvoorn",0,0,1,0,NA,"Axial","Class_2.1",0
"38",2018-12-13,2018-12-13,NA,"roach","NA 2018-12-13",87,8.9,"Alive",NA,NA,"OK","Axial",21,1,"pump","Axial","Axial","Axial blankvoorn","blankvoorn 2018-12-13","blankvoorn",1,0,0,0,NA,"Axial","Class_2.1",0
"39",2018-12-13,2018-12-13,NA,"roach","NA 2018-12-13",55,1.4,"Alive",NA,NA,"OK","Axial",24,1,"pump","Axial","Axial","Axial blankvoorn","blankvoorn 2018-12-13","blankvoorn",1,0,0,0,NA,"Axial","Class_2.1",0
"40",2018-12-13,2018-12-13,NA,"roach","NA 2018-12-13",61,2.9,"Alive",NA,NA,"OK","Axial",25,1,"pump","Axial","Axial","Axial blankvoorn","blankvoorn 2018-12-13","blankvoorn",1,0,0,0,NA,"Axial","Class_2.1",0
"41",2018-12-12,2018-12-12,NA,"roach","NA 2018-12-12",108,22.4,"Dead",NA,NA,"OK","Axial",26,1,"pump","Axial","Axial","Axial blankvoorn","blankvoorn 2018-12-12","blankvoorn",0,0,1,0,NA,"Axial","Class_2.1",0
"42",2018-12-12,2018-12-12,NA,"roach","NA 2018-12-12",158,59,"Dead",NA,NA,"OK","Axial",27,2,"pump","Axial","Axial","Axial blankvoorn","blankvoorn 2018-12-12","blankvoorn",0,0,1,0,NA,"Axial","Class_2.1",0
"43",2018-12-12,2018-12-12,NA,"roach","NA 2018-12-12",59,1.4,"Dead",NA,NA,"OK","Axial",28,1,"pump","Axial","Axial","Axial blankvoorn","blankvoorn 2018-12-12","blankvoorn",0,0,1,0,NA,"Axial","Class_2.1",0
"44",2018-12-12,2018-12-12,NA,"roach","NA 2018-12-12",104,13.1,"Dead",NA,NA,"OK","Axial",29,1,"pump","Axial","Axial","Axial blankvoorn","blankvoorn 2018-12-12","blankvoorn",0,0,1,0,NA,"Axial","Class_2.1",0
"45",2018-12-12,2018-12-12,NA,"roach","NA 2018-12-12",75,3.8,"Dead",NA,NA,"OK","Axial",30,2,"pump","Axial","Axial","Axial blankvoorn","blankvoorn 2018-12-12","blankvoorn",0,0,1,0,NA,"Axial","Class_2.1",0
"46",2018-12-12,2018-12-12,NA,"roach","NA 2018-12-12",155,NA,"Dead",NA,NA,"OK","Axial",31,1,"pump","Axial","Axial","Axial blankvoorn","blankvoorn 2018-12-12","blankvoorn",0,0,1,0,NA,"Axial","Class_2.1",0
"47",2018-12-12,2018-12-12,NA,"roach","NA 2018-12-12",95,NA,"Dead",NA,NA,"OK","Axial",32,1,"pump","Axial","Axial","Axial blankvoorn","blankvoorn 2018-12-12","blankvoorn",0,0,1,0,NA,"Axial","Class_2.1",0
"48",2018-12-12,2018-12-12,NA,"roach","NA 2018-12-12",105,NA,"Dead",NA,NA,"OK","Axial",33,1,"pump","Axial","Axial","Axial blankvoorn","blankvoorn 2018-12-12","blankvoorn",0,0,1,0,NA,"Axial","Class_2.1",0
"49",2018-12-12,2018-12-12,NA,"roach","NA 2018-12-12",65,NA,"Dead",NA,NA,"OK","Axial",34,1,"pump","Axial","Axial","Axial blankvoorn","blankvoorn 2018-12-12","blankvoorn",0,0,1,0,NA,"Axial","Class_2.1",0
"50",2018-12-12,2018-12-12,NA,"roach","NA 2018-12-12",60,NA,"Dead",NA,NA,"OK","Axial",35,1,"pump","Axial","Axial","Axial blankvoorn","blankvoorn 2018-12-12","blankvoorn",0,0,1,0,NA,"Axial","Class_2.1",0
"51",2018-12-12,2018-12-12,NA,"roach","NA 2018-12-12",57,1,"Dead",NA,NA,"OK","Axial",37,1,"pump","Axial","Axial","Axial blankvoorn","blankvoorn 2018-12-12","blankvoorn",0,0,1,0,NA,"Axial","Class_2.1",0
"52",2018-12-12,2018-12-12,NA,"roach","NA 2018-12-12",55,1.8,"Alive",NA,NA,"OK","Axial",38,1,"pump","Axial","Axial","Axial blankvoorn","blankvoorn 2018-12-12","blankvoorn",1,0,0,0,NA,"Axial","Class_2.1",0
"53",2018-12-12,2018-12-12,NA,"roach","NA 2018-12-12",88,11.3,"Alive",NA,NA,"OK","Axial",39,1,"pump","Axial","Axial","Axial blankvoorn","blankvoorn 2018-12-12","blankvoorn",0,1,0,0,NA,"Axial","Class_2.1",0
"54",2018-12-12,2018-12-12,NA,"roach","NA 2018-12-12",62,2.1,"Alive",NA,NA,"OK","Axial",40,1,"pump","Axial","Axial","Axial blankvoorn","blankvoorn 2018-12-12","blankvoorn",0,1,0,0,NA,"Axial","Class_2.1",0
"55",2018-12-12,2018-12-12,NA,"roach","NA 2018-12-12",55,1.6,"Alive",NA,NA,"OK","Axial",41,1,"pump","Axial","Axial","Axial blankvoorn","blankvoorn 2018-12-12","blankvoorn",1,0,0,0,NA,"Axial","Class_2.1",0
"56",2018-12-12,2018-12-12,NA,"roach","NA 2018-12-12",63,2.4,"Alive",NA,NA,"OK","Axial",42,1,"pump","Axial","Axial","Axial blankvoorn","blankvoorn 2018-12-12","blankvoorn",0,1,0,0,NA,"Axial","Class_2.1",0
"57",2018-12-12,2018-12-12,NA,"roach","NA 2018-12-12",54,1.6,"Alive",NA,NA,"OK","Axial",43,1,"pump","Axial","Axial","Axial blankvoorn","blankvoorn 2018-12-12","blankvoorn",0,1,0,0,NA,"Axial","Class_2.1",0
"58",2018-12-12,2018-12-12,NA,"roach","NA 2018-12-12",61,2.7,"Alive",NA,NA,"OK","Axial",44,1,"pump","Axial","Axial","Axial blankvoorn","blankvoorn 2018-12-12","blankvoorn",0,1,0,0,NA,"Axial","Class_2.1",0
"59",2018-12-12,2018-12-12,NA,"roach","NA 2018-12-12",52,1.5,"Alive",NA,NA,"OK","Axial",45,1,"pump","Axial","Axial","Axial blankvoorn","blankvoorn 2018-12-12","blankvoorn",1,0,0,0,NA,"Axial","Class_2.1",0
"60",2018-12-12,2018-12-12,NA,"roach","NA 2018-12-12",93,9.8,"Alive",NA,NA,"OK","Axial",46,1,"pump","Axial","Axial","Axial blankvoorn","blankvoorn 2018-12-12","blankvoorn",1,0,0,0,NA,"Axial","Class_2.1",0
"61",2018-12-12,2018-12-12,NA,"roach","NA 2018-12-12",54,1.4,"Dead",NA,NA,"OK","Axial",47,1,"pump","Axial","Axial","Axial blankvoorn","blankvoorn 2018-12-12","blankvoorn",0,0,1,0,NA,"Axial","Class_2.1",0
"62",2018-12-12,2018-12-12,NA,"roach","NA 2018-12-12",46,0.8,"Alive",NA,NA,"OK","Axial",48,1,"pump","Axial","Axial","Axial blankvoorn","blankvoorn 2018-12-12","blankvoorn",1,0,0,0,NA,"Axial","Class_2.1",0
"63",2018-12-13,2018-12-13,NA,"roach","NA 2018-12-13",53,1.8,"Dead",NA,NA,"OK","Axial",10,1,"pump","Axial","Axial","Axial blankvoorn","blankvoorn 2018-12-13","blankvoorn",0,0,1,0,NA,"Axial","Class_2.2",0
"64",2018-12-13,2018-12-13,NA,"roach","NA 2018-12-13",42,NA,"Dead",NA,NA,"OK","Axial",11,1,"pump","Axial","Axial","Axial blankvoorn","blankvoorn 2018-12-13","blankvoorn",0,0,1,0,NA,"Axial","Class_2.2",0
"65",2018-12-13,2018-12-13,NA,"roach","NA 2018-12-13",87,9.4,"Dead",NA,NA,"OK","Axial",12,2,"pump","Axial","Axial","Axial blankvoorn","blankvoorn 2018-12-13","blankvoorn",0,0,1,0,NA,"Axial","Class_2.2",0
"66",2018-12-13,2018-12-13,NA,"roach","NA 2018-12-13",43,0.6,"Dead",NA,NA,"OK","Axial",14,1,"pump","Axial","Axial","Axial blankvoorn","blankvoorn 2018-12-13","blankvoorn",0,0,1,0,NA,"Axial","Class_2.2",0
"67",2018-12-13,2018-12-13,NA,"roach","NA 2018-12-13",55,2,"Alive",NA,NA,"OK","Axial",15,1,"pump","Axial","Axial","Axial blankvoorn","blankvoorn 2018-12-13","blankvoorn",1,0,0,0,NA,"Axial","Class_2.2",0
"68",2018-12-13,2018-12-13,NA,"roach","NA 2018-12-13",45,0.9,"Dead",NA,NA,"OK","Axial",19,1,"pump","Axial","Axial","Axial blankvoorn","blankvoorn 2018-12-13","blankvoorn",0,0,1,0,NA,"Axial","Class_2.2",0
"69",2018-12-13,2018-12-13,NA,"roach","NA 2018-12-13",87,8.9,"Alive",NA,NA,"OK","Axial",21,1,"pump","Axial","Axial","Axial blankvoorn","blankvoorn 2018-12-13","blankvoorn",1,0,0,0,NA,"Axial","Class_2.2",0
"70",2018-12-13,2018-12-13,NA,"roach","NA 2018-12-13",55,1.4,"Alive",NA,NA,"OK","Axial",24,1,"pump","Axial","Axial","Axial blankvoorn","blankvoorn 2018-12-13","blankvoorn",1,0,0,0,NA,"Axial","Class_2.2",0
"71",2018-12-13,2018-12-13,NA,"roach","NA 2018-12-13",61,2.9,"Alive",NA,NA,"OK","Axial",25,1,"pump","Axial","Axial","Axial blankvoorn","blankvoorn 2018-12-13","blankvoorn",1,0,0,0,NA,"Axial","Class_2.2",0
"72",2018-12-12,2018-12-12,NA,"roach","NA 2018-12-12",108,22.4,"Dead",NA,NA,"OK","Axial",26,1,"pump","Axial","Axial","Axial blankvoorn","blankvoorn 2018-12-12","blankvoorn",0,0,1,0,NA,"Axial","Class_2.2",0
"73",2018-12-12,2018-12-12,NA,"roach","NA 2018-12-12",158,59,"Dead",NA,NA,"OK","Axial",27,2,"pump","Axial","Axial","Axial blankvoorn","blankvoorn 2018-12-12","blankvoorn",0,0,1,0,NA,"Axial","Class_2.2",0
"74",2018-12-12,2018-12-12,NA,"roach","NA 2018-12-12",59,1.4,"Dead",NA,NA,"OK","Axial",28,1,"pump","Axial","Axial","Axial blankvoorn","blankvoorn 2018-12-12","blankvoorn",0,0,1,0,NA,"Axial","Class_2.2",0
"75",2018-12-12,2018-12-12,NA,"roach","NA 2018-12-12",104,13.1,"Dead",NA,NA,"OK","Axial",29,1,"pump","Axial","Axial","Axial blankvoorn","blankvoorn 2018-12-12","blankvoorn",0,0,1,0,NA,"Axial","Class_2.2",0
"76",2018-12-12,2018-12-12,NA,"roach","NA 2018-12-12",75,3.8,"Dead",NA,NA,"OK","Axial",30,2,"pump","Axial","Axial","Axial blankvoorn","blankvoorn 2018-12-12","blankvoorn",0,0,1,0,NA,"Axial","Class_2.2",0
"77",2018-12-12,2018-12-12,NA,"roach","NA 2018-12-12",155,NA,"Dead",NA,NA,"OK","Axial",31,1,"pump","Axial","Axial","Axial blankvoorn","blankvoorn 2018-12-12","blankvoorn",0,0,1,0,NA,"Axial","Class_2.2",0
"78",2018-12-12,2018-12-12,NA,"roach","NA 2018-12-12",95,NA,"Dead",NA,NA,"OK","Axial",32,1,"pump","Axial","Axial","Axial blankvoorn","blankvoorn 2018-12-12","blankvoorn",0,0,1,0,NA,"Axial","Class_2.2",0
"79",2018-12-12,2018-12-12,NA,"roach","NA 2018-12-12",105,NA,"Dead",NA,NA,"OK","Axial",33,1,"pump","Axial","Axial","Axial blankvoorn","blankvoorn 2018-12-12","blankvoorn",0,0,1,0,NA,"Axial","Class_2.2",0
"80",2018-12-12,2018-12-12,NA,"roach","NA 2018-12-12",65,NA,"Dead",NA,NA,"OK","Axial",34,1,"pump","Axial","Axial","Axial blankvoorn","blankvoorn 2018-12-12","blankvoorn",0,0,1,0,NA,"Axial","Class_2.2",0
"81",2018-12-12,2018-12-12,NA,"roach","NA 2018-12-12",60,NA,"Dead",NA,NA,"OK","Axial",35,1,"pump","Axial","Axial","Axial blankvoorn","blankvoorn 2018-12-12","blankvoorn",0,0,1,0,NA,"Axial","Class_2.2",0
"82",2018-12-12,2018-12-12,NA,"roach","NA 2018-12-12",57,1,"Dead",NA,NA,"OK","Axial",37,1,"pump","Axial","Axial","Axial blankvoorn","blankvoorn 2018-12-12","blankvoorn",0,0,1,0,NA,"Axial","Class_2.2",0
"83",2018-12-12,2018-12-12,NA,"roach","NA 2018-12-12",55,1.8,"Alive",NA,NA,"OK","Axial",38,1,"pump","Axial","Axial","Axial blankvoorn","blankvoorn 2018-12-12","blankvoorn",1,0,0,0,NA,"Axial","Class_2.2",0
"84",2018-12-12,2018-12-12,NA,"roach","NA 2018-12-12",88,11.3,"Alive",NA,NA,"OK","Axial",39,1,"pump","Axial","Axial","Axial blankvoorn","blankvoorn 2018-12-12","blankvoorn",0,1,0,0,NA,"Axial","Class_2.2",0
"85",2018-12-12,2018-12-12,NA,"roach","NA 2018-12-12",62,2.1,"Alive",NA,NA,"OK","Axial",40,1,"pump","Axial","Axial","Axial blankvoorn","blankvoorn 2018-12-12","blankvoorn",0,1,0,0,NA,"Axial","Class_2.2",0
"86",2018-12-12,2018-12-12,NA,"roach","NA 2018-12-12",55,1.6,"Alive",NA,NA,"OK","Axial",41,1,"pump","Axial","Axial","Axial blankvoorn","blankvoorn 2018-12-12","blankvoorn",1,0,0,0,NA,"Axial","Class_2.2",0
"87",2018-12-12,2018-12-12,NA,"roach","NA 2018-12-12",63,2.4,"Alive",NA,NA,"OK","Axial",42,1,"pump","Axial","Axial","Axial blankvoorn","blankvoorn 2018-12-12","blankvoorn",0,1,0,0,NA,"Axial","Class_2.2",0
"88",2018-12-12,2018-12-12,NA,"roach","NA 2018-12-12",54,1.6,"Alive",NA,NA,"OK","Axial",43,1,"pump","Axial","Axial","Axial blankvoorn","blankvoorn 2018-12-12","blankvoorn",0,1,0,0,NA,"Axial","Class_2.2",0
"89",2018-12-12,2018-12-12,NA,"roach","NA 2018-12-12",61,2.7,"Alive",NA,NA,"OK","Axial",44,1,"pump","Axial","Axial","Axial blankvoorn","blankvoorn 2018-12-12","blankvoorn",0,1,0,0,NA,"Axial","Class_2.2",0
"90",2018-12-12,2018-12-12,NA,"roach","NA 2018-12-12",52,1.5,"Alive",NA,NA,"OK","Axial",45,1,"pump","Axial","Axial","Axial blankvoorn","blankvoorn 2018-12-12","blankvoorn",1,0,0,0,NA,"Axial","Class_2.2",0
"91",2018-12-12,2018-12-12,NA,"roach","NA 2018-12-12",93,9.8,"Alive",NA,NA,"OK","Axial",46,1,"pump","Axial","Axial","Axial blankvoorn","blankvoorn 2018-12-12","blankvoorn",1,0,0,0,NA,"Axial","Class_2.2",0
"92",2018-12-12,2018-12-12,NA,"roach","NA 2018-12-12",54,1.4,"Dead",NA,NA,"OK","Axial",47,1,"pump","Axial","Axial","Axial blankvoorn","blankvoorn 2018-12-12","blankvoorn",0,0,1,0,NA,"Axial","Class_2.2",0
"93",2018-12-12,2018-12-12,NA,"roach","NA 2018-12-12",46,0.8,"Alive",NA,NA,"OK","Axial",48,1,"pump","Axial","Axial","Axial blankvoorn","blankvoorn 2018-12-12","blankvoorn",1,0,0,0,NA,"Axial","Class_2.2",0
"94",2018-12-13,2018-12-13,NA,"roach","NA 2018-12-13",53,1.8,"Dead",NA,NA,"OK","Axial",10,1,"pump","Axial","Axial","Axial blankvoorn","blankvoorn 2018-12-13","blankvoorn",0,0,1,0,NA,"Axial","Class_2.3",0
"95",2018-12-13,2018-12-13,NA,"roach","NA 2018-12-13",42,NA,"Dead",NA,NA,"OK","Axial",11,1,"pump","Axial","Axial","Axial blankvoorn","blankvoorn 2018-12-13","blankvoorn",0,0,1,0,NA,"Axial","Class_2.3",0
"96",2018-12-13,2018-12-13,NA,"roach","NA 2018-12-13",87,9.4,"Dead",NA,NA,"OK","Axial",12,2,"pump","Axial","Axial","Axial blankvoorn","blankvoorn 2018-12-13","blankvoorn",0,0,1,0,NA,"Axial","Class_2.3",0
"97",2018-12-13,2018-12-13,NA,"roach","NA 2018-12-13",43,0.6,"Dead",NA,NA,"OK","Axial",14,1,"pump","Axial","Axial","Axial blankvoorn","blankvoorn 2018-12-13","blankvoorn",0,0,1,0,NA,"Axial","Class_2.3",0
"98",2018-12-13,2018-12-13,NA,"roach","NA 2018-12-13",55,2,"Alive",NA,NA,"OK","Axial",15,1,"pump","Axial","Axial","Axial blankvoorn","blankvoorn 2018-12-13","blankvoorn",1,0,0,0,NA,"Axial","Class_2.3",0
"99",2018-12-13,2018-12-13,NA,"roach","NA 2018-12-13",45,0.9,"Dead",NA,NA,"OK","Axial",19,1,"pump","Axial","Axial","Axial blankvoorn","blankvoorn 2018-12-13","blankvoorn",0,0,1,0,NA,"Axial","Class_2.3",0
"100",2018-12-13,2018-12-13,NA,"roach","NA 2018-12-13",87,8.9,"Alive",NA,NA,"OK","Axial",21,1,"pump","Axial","Axial","Axial blankvoorn","blankvoorn 2018-12-13","blankvoorn",1,0,0,0,NA,"Axial","Class_2.3",0
"101",2018-12-13,2018-12-13,NA,"roach","NA 2018-12-13",55,1.4,"Alive",NA,NA,"OK","Axial",24,1,"pump","Axial","Axial","Axial blankvoorn","blankvoorn 2018-12-13","blankvoorn",1,0,0,0,NA,"Axial","Class_2.3",0
"102",2018-12-13,2018-12-13,NA,"roach","NA 2018-12-13",61,2.9,"Alive",NA,NA,"OK","Axial",25,1,"pump","Axial","Axial","Axial blankvoorn","blankvoorn 2018-12-13","blankvoorn",1,0,0,0,NA,"Axial","Class_2.3",0
"103",2018-12-12,2018-12-12,NA,"roach","NA 2018-12-12",108,22.4,"Dead",NA,NA,"OK","Axial",26,1,"pump","Axial","Axial","Axial blankvoorn","blankvoorn 2018-12-12","blankvoorn",0,0,1,0,NA,"Axial","Class_2.3",0
"104",2018-12-12,2018-12-12,NA,"roach","NA 2018-12-12",158,59,"Dead",NA,NA,"OK","Axial",27,2,"pump","Axial","Axial","Axial blankvoorn","blankvoorn 2018-12-12","blankvoorn",0,0,1,0,NA,"Axial","Class_2.3",0
"105",2018-12-12,2018-12-12,NA,"roach","NA 2018-12-12",59,1.4,"Dead",NA,NA,"OK","Axial",28,1,"pump","Axial","Axial","Axial blankvoorn","blankvoorn 2018-12-12","blankvoorn",0,0,1,0,NA,"Axial","Class_2.3",0
"106",2018-12-12,2018-12-12,NA,"roach","NA 2018-12-12",104,13.1,"Dead",NA,NA,"OK","Axial",29,1,"pump","Axial","Axial","Axial blankvoorn","blankvoorn 2018-12-12","blankvoorn",0,0,1,0,NA,"Axial","Class_2.3",0
"107",2018-12-12,2018-12-12,NA,"roach","NA 2018-12-12",75,3.8,"Dead",NA,NA,"OK","Axial",30,2,"pump","Axial","Axial","Axial blankvoorn","blankvoorn 2018-12-12","blankvoorn",0,0,1,0,NA,"Axial","Class_2.3",0
"108",2018-12-12,2018-12-12,NA,"roach","NA 2018-12-12",155,NA,"Dead",NA,NA,"OK","Axial",31,1,"pump","Axial","Axial","Axial blankvoorn","blankvoorn 2018-12-12","blankvoorn",0,0,1,0,NA,"Axial","Class_2.3",0
"109",2018-12-12,2018-12-12,NA,"roach","NA 2018-12-12",95,NA,"Dead",NA,NA,"OK","Axial",32,1,"pump","Axial","Axial","Axial blankvoorn","blankvoorn 2018-12-12","blankvoorn",0,0,1,0,NA,"Axial","Class_2.3",0
"110",2018-12-12,2018-12-12,NA,"roach","NA 2018-12-12",105,NA,"Dead",NA,NA,"OK","Axial",33,1,"pump","Axial","Axial","Axial blankvoorn","blankvoorn 2018-12-12","blankvoorn",0,0,1,0,NA,"Axial","Class_2.3",0
"111",2018-12-12,2018-12-12,NA,"roach","NA 2018-12-12",65,NA,"Dead",NA,NA,"OK","Axial",34,1,"pump","Axial","Axial","Axial blankvoorn","blankvoorn 2018-12-12","blankvoorn",0,0,1,0,NA,"Axial","Class_2.3",0
"112",2018-12-12,2018-12-12,NA,"roach","NA 2018-12-12",60,NA,"Dead",NA,NA,"OK","Axial",35,1,"pump","Axial","Axial","Axial blankvoorn","blankvoorn 2018-12-12","blankvoorn",0,0,1,0,NA,"Axial","Class_2.3",0
"113",2018-12-12,2018-12-12,NA,"roach","NA 2018-12-12",57,1,"Dead",NA,NA,"OK","Axial",37,1,"pump","Axial","Axial","Axial blankvoorn","blankvoorn 2018-12-12","blankvoorn",0,0,1,0,NA,"Axial","Class_2.3",0
"114",2018-12-12,2018-12-12,NA,"roach","NA 2018-12-12",55,1.8,"Alive",NA,NA,"OK","Axial",38,1,"pump","Axial","Axial","Axial blankvoorn","blankvoorn 2018-12-12","blankvoorn",1,0,0,0,NA,"Axial","Class_2.3",0
"115",2018-12-12,2018-12-12,NA,"roach","NA 2018-12-12",88,11.3,"Alive",NA,NA,"OK","Axial",39,1,"pump","Axial","Axial","Axial blankvoorn","blankvoorn 2018-12-12","blankvoorn",0,1,0,0,NA,"Axial","Class_2.3",1
"116",2018-12-12,2018-12-12,NA,"roach","NA 2018-12-12",62,2.1,"Alive",NA,NA,"OK","Axial",40,1,"pump","Axial","Axial","Axial blankvoorn","blankvoorn 2018-12-12","blankvoorn",0,1,0,0,NA,"Axial","Class_2.3",1
"117",2018-12-12,2018-12-12,NA,"roach","NA 2018-12-12",55,1.6,"Alive",NA,NA,"OK","Axial",41,1,"pump","Axial","Axial","Axial blankvoorn","blankvoorn 2018-12-12","blankvoorn",1,0,0,0,NA,"Axial","Class_2.3",0
"118",2018-12-12,2018-12-12,NA,"roach","NA 2018-12-12",63,2.4,"Alive",NA,NA,"OK","Axial",42,1,"pump","Axial","Axial","Axial blankvoorn","blankvoorn 2018-12-12","blankvoorn",0,1,0,0,NA,"Axial","Class_2.3",1
"119",2018-12-12,2018-12-12,NA,"roach","NA 2018-12-12",54,1.6,"Alive",NA,NA,"OK","Axial",43,1,"pump","Axial","Axial","Axial blankvoorn","blankvoorn 2018-12-12","blankvoorn",0,1,0,0,NA,"Axial","Class_2.3",1
"120",2018-12-12,2018-12-12,NA,"roach","NA 2018-12-12",61,2.7,"Alive",NA,NA,"OK","Axial",44,1,"pump","Axial","Axial","Axial blankvoorn","blankvoorn 2018-12-12","blankvoorn",0,1,0,0,NA,"Axial","Class_2.3",1
"121",2018-12-12,2018-12-12,NA,"roach","NA 2018-12-12",52,1.5,"Alive",NA,NA,"OK","Axial",45,1,"pump","Axial","Axial","Axial blankvoorn","blankvoorn 2018-12-12","blankvoorn",1,0,0,0,NA,"Axial","Class_2.3",0
"122",2018-12-12,2018-12-12,NA,"roach","NA 2018-12-12",93,9.8,"Alive",NA,NA,"OK","Axial",46,1,"pump","Axial","Axial","Axial blankvoorn","blankvoorn 2018-12-12","blankvoorn",1,0,0,0,NA,"Axial","Class_2.3",0
"123",2018-12-12,2018-12-12,NA,"roach","NA 2018-12-12",54,1.4,"Dead",NA,NA,"OK","Axial",47,1,"pump","Axial","Axial","Axial blankvoorn","blankvoorn 2018-12-12","blankvoorn",0,0,1,0,NA,"Axial","Class_2.3",0
"124",2018-12-12,2018-12-12,NA,"roach","NA 2018-12-12",46,0.8,"Alive",NA,NA,"OK","Axial",48,1,"pump","Axial","Axial","Axial blankvoorn","blankvoorn 2018-12-12","blankvoorn",1,0,0,0,NA,"Axial","Class_2.3",0
"125",2018-12-13,2018-12-13,NA,"roach","NA 2018-12-13",53,1.8,"Dead",NA,NA,"OK","Axial",10,1,"pump","Axial","Axial","Axial blankvoorn","blankvoorn 2018-12-13","blankvoorn",0,0,1,0,NA,"Axial","Class_3.1",0
"126",2018-12-13,2018-12-13,NA,"roach","NA 2018-12-13",42,NA,"Dead",NA,NA,"OK","Axial",11,1,"pump","Axial","Axial","Axial blankvoorn","blankvoorn 2018-12-13","blankvoorn",0,0,1,0,NA,"Axial","Class_3.1",0
"127",2018-12-13,2018-12-13,NA,"roach","NA 2018-12-13",87,9.4,"Dead",NA,NA,"OK","Axial",12,2,"pump","Axial","Axial","Axial blankvoorn","blankvoorn 2018-12-13","blankvoorn",0,0,1,0,NA,"Axial","Class_3.1",1
"128",2018-12-13,2018-12-13,NA,"roach","NA 2018-12-13",43,0.6,"Dead",NA,NA,"OK","Axial",14,1,"pump","Axial","Axial","Axial blankvoorn","blankvoorn 2018-12-13","blankvoorn",0,0,1,0,NA,"Axial","Class_3.1",0
"129",2018-12-13,2018-12-13,NA,"roach","NA 2018-12-13",55,2,"Alive",NA,NA,"OK","Axial",15,1,"pump","Axial","Axial","Axial blankvoorn","blankvoorn 2018-12-13","blankvoorn",1,0,0,0,NA,"Axial","Class_3.1",0
"130",2018-12-13,2018-12-13,NA,"roach","NA 2018-12-13",45,0.9,"Dead",NA,NA,"OK","Axial",19,1,"pump","Axial","Axial","Axial blankvoorn","blankvoorn 2018-12-13","blankvoorn",0,0,1,0,NA,"Axial","Class_3.1",1
"131",2018-12-13,2018-12-13,NA,"roach","NA 2018-12-13",87,8.9,"Alive",NA,NA,"OK","Axial",21,1,"pump","Axial","Axial","Axial blankvoorn","blankvoorn 2018-12-13","blankvoorn",1,0,0,0,NA,"Axial","Class_3.1",0
"132",2018-12-13,2018-12-13,NA,"roach","NA 2018-12-13",55,1.4,"Alive",NA,NA,"OK","Axial",24,1,"pump","Axial","Axial","Axial blankvoorn","blankvoorn 2018-12-13","blankvoorn",1,0,0,0,NA,"Axial","Class_3.1",0
"133",2018-12-13,2018-12-13,NA,"roach","NA 2018-12-13",61,2.9,"Alive",NA,NA,"OK","Axial",25,1,"pump","Axial","Axial","Axial blankvoorn","blankvoorn 2018-12-13","blankvoorn",1,0,0,0,NA,"Axial","Class_3.1",0
"134",2018-12-12,2018-12-12,NA,"roach","NA 2018-12-12",108,22.4,"Dead",NA,NA,"OK","Axial",26,1,"pump","Axial","Axial","Axial blankvoorn","blankvoorn 2018-12-12","blankvoorn",0,0,1,0,NA,"Axial","Class_3.1",1
"135",2018-12-12,2018-12-12,NA,"roach","NA 2018-12-12",158,59,"Dead",NA,NA,"OK","Axial",27,2,"pump","Axial","Axial","Axial blankvoorn","blankvoorn 2018-12-12","blankvoorn",0,0,1,0,NA,"Axial","Class_3.1",1
"136",2018-12-12,2018-12-12,NA,"roach","NA 2018-12-12",59,1.4,"Dead",NA,NA,"OK","Axial",28,1,"pump","Axial","Axial","Axial blankvoorn","blankvoorn 2018-12-12","blankvoorn",0,0,1,0,NA,"Axial","Class_3.1",1
"137",2018-12-12,2018-12-12,NA,"roach","NA 2018-12-12",104,13.1,"Dead",NA,NA,"OK","Axial",29,1,"pump","Axial","Axial","Axial blankvoorn","blankvoorn 2018-12-12","blankvoorn",0,0,1,0,NA,"Axial","Class_3.1",0
"138",2018-12-12,2018-12-12,NA,"roach","NA 2018-12-12",75,3.8,"Dead",NA,NA,"OK","Axial",30,2,"pump","Axial","Axial","Axial blankvoorn","blankvoorn 2018-12-12","blankvoorn",0,0,1,0,NA,"Axial","Class_3.1",1
"139",2018-12-12,2018-12-12,NA,"roach","NA 2018-12-12",155,NA,"Dead",NA,NA,"OK","Axial",31,1,"pump","Axial","Axial","Axial blankvoorn","blankvoorn 2018-12-12","blankvoorn",0,0,1,0,NA,"Axial","Class_3.1",0
"140",2018-12-12,2018-12-12,NA,"roach","NA 2018-12-12",95,NA,"Dead",NA,NA,"OK","Axial",32,1,"pump","Axial","Axial","Axial blankvoorn","blankvoorn 2018-12-12","blankvoorn",0,0,1,0,NA,"Axial","Class_3.1",0
"141",2018-12-12,2018-12-12,NA,"roach","NA 2018-12-12",105,NA,"Dead",NA,NA,"OK","Axial",33,1,"pump","Axial","Axial","Axial blankvoorn","blankvoorn 2018-12-12","blankvoorn",0,0,1,0,NA,"Axial","Class_3.1",0
"142",2018-12-12,2018-12-12,NA,"roach","NA 2018-12-12",65,NA,"Dead",NA,NA,"OK","Axial",34,1,"pump","Axial","Axial","Axial blankvoorn","blankvoorn 2018-12-12","blankvoorn",0,0,1,0,NA,"Axial","Class_3.1",0
"143",2018-12-12,2018-12-12,NA,"roach","NA 2018-12-12",60,NA,"Dead",NA,NA,"OK","Axial",35,1,"pump","Axial","Axial","Axial blankvoorn","blankvoorn 2018-12-12","blankvoorn",0,0,1,0,NA,"Axial","Class_3.1",0
"144",2018-12-12,2018-12-12,NA,"roach","NA 2018-12-12",57,1,"Dead",NA,NA,"OK","Axial",37,1,"pump","Axial","Axial","Axial blankvoorn","blankvoorn 2018-12-12","blankvoorn",0,0,1,0,NA,"Axial","Class_3.1",0
"145",2018-12-12,2018-12-12,NA,"roach","NA 2018-12-12",55,1.8,"Alive",NA,NA,"OK","Axial",38,1,"pump","Axial","Axial","Axial blankvoorn","blankvoorn 2018-12-12","blankvoorn",1,0,0,0,NA,"Axial","Class_3.1",0
"146",2018-12-12,2018-12-12,NA,"roach","NA 2018-12-12",88,11.3,"Alive",NA,NA,"OK","Axial",39,1,"pump","Axial","Axial","Axial blankvoorn","blankvoorn 2018-12-12","blankvoorn",0,1,0,0,NA,"Axial","Class_3.1",0
"147",2018-12-12,2018-12-12,NA,"roach","NA 2018-12-12",62,2.1,"Alive",NA,NA,"OK","Axial",40,1,"pump","Axial","Axial","Axial blankvoorn","blankvoorn 2018-12-12","blankvoorn",0,1,0,0,NA,"Axial","Class_3.1",0
"148",2018-12-12,2018-12-12,NA,"roach","NA 2018-12-12",55,1.6,"Alive",NA,NA,"OK","Axial",41,1,"pump","Axial","Axial","Axial blankvoorn","blankvoorn 2018-12-12","blankvoorn",1,0,0,0,NA,"Axial","Class_3.1",0
"149",2018-12-12,2018-12-12,NA,"roach","NA 2018-12-12",63,2.4,"Alive",NA,NA,"OK","Axial",42,1,"pump","Axial","Axial","Axial blankvoorn","blankvoorn 2018-12-12","blankvoorn",0,1,0,0,NA,"Axial","Class_3.1",0
"150",2018-12-12,2018-12-12,NA,"roach","NA 2018-12-12",54,1.6,"Alive",NA,NA,"OK","Axial",43,1,"pump","Axial","Axial","Axial blankvoorn","blankvoorn 2018-12-12","blankvoorn",0,1,0,0,NA,"Axial","Class_3.1",0
"151",2018-12-12,2018-12-12,NA,"roach","NA 2018-12-12",61,2.7,"Alive",NA,NA,"OK","Axial",44,1,"pump","Axial","Axial","Axial blankvoorn","blankvoorn 2018-12-12","blankvoorn",0,1,0,0,NA,"Axial","Class_3.1",0
"152",2018-12-12,2018-12-12,NA,"roach","NA 2018-12-12",52,1.5,"Alive",NA,NA,"OK","Axial",45,1,"pump","Axial","Axial","Axial blankvoorn","blankvoorn 2018-12-12","blankvoorn",1,0,0,0,NA,"Axial","Class_3.1",0
"153",2018-12-12,2018-12-12,NA,"roach","NA 2018-12-12",93,9.8,"Alive",NA,NA,"OK","Axial",46,1,"pump","Axial","Axial","Axial blankvoorn","blankvoorn 2018-12-12","blankvoorn",1,0,0,0,NA,"Axial","Class_3.1",0
"154",2018-12-12,2018-12-12,NA,"roach","NA 2018-12-12",54,1.4,"Dead",NA,NA,"OK","Axial",47,1,"pump","Axial","Axial","Axial blankvoorn","blankvoorn 2018-12-12","blankvoorn",0,0,1,0,NA,"Axial","Class_3.1",1
"155",2018-12-12,2018-12-12,NA,"roach","NA 2018-12-12",46,0.8,"Alive",NA,NA,"OK","Axial",48,1,"pump","Axial","Axial","Axial blankvoorn","blankvoorn 2018-12-12","blankvoorn",1,0,0,0,NA,"Axial","Class_3.1",0
"156",2018-12-13,2018-12-13,NA,"roach","NA 2018-12-13",53,1.8,"Dead",NA,NA,"OK","Axial",10,1,"pump","Axial","Axial","Axial blankvoorn","blankvoorn 2018-12-13","blankvoorn",0,0,1,0,NA,"Axial","Class_3.2",0
"157",2018-12-13,2018-12-13,NA,"roach","NA 2018-12-13",42,NA,"Dead",NA,NA,"OK","Axial",11,1,"pump","Axial","Axial","Axial blankvoorn","blankvoorn 2018-12-13","blankvoorn",0,0,1,0,NA,"Axial","Class_3.2",1
"158",2018-12-13,2018-12-13,NA,"roach","NA 2018-12-13",87,9.4,"Dead",NA,NA,"OK","Axial",12,2,"pump","Axial","Axial","Axial blankvoorn","blankvoorn 2018-12-13","blankvoorn",0,0,1,0,NA,"Axial","Class_3.2",0
"159",2018-12-13,2018-12-13,NA,"roach","NA 2018-12-13",43,0.6,"Dead",NA,NA,"OK","Axial",14,1,"pump","Axial","Axial","Axial blankvoorn","blankvoorn 2018-12-13","blankvoorn",0,0,1,0,NA,"Axial","Class_3.2",0
"160",2018-12-13,2018-12-13,NA,"roach","NA 2018-12-13",55,2,"Alive",NA,NA,"OK","Axial",15,1,"pump","Axial","Axial","Axial blankvoorn","blankvoorn 2018-12-13","blankvoorn",1,0,0,0,NA,"Axial","Class_3.2",0
"161",2018-12-13,2018-12-13,NA,"roach","NA 2018-12-13",45,0.9,"Dead",NA,NA,"OK","Axial",19,1,"pump","Axial","Axial","Axial blankvoorn","blankvoorn 2018-12-13","blankvoorn",0,0,1,0,NA,"Axial","Class_3.2",0
"162",2018-12-13,2018-12-13,NA,"roach","NA 2018-12-13",87,8.9,"Alive",NA,NA,"OK","Axial",21,1,"pump","Axial","Axial","Axial blankvoorn","blankvoorn 2018-12-13","blankvoorn",1,0,0,0,NA,"Axial","Class_3.2",0
"163",2018-12-13,2018-12-13,NA,"roach","NA 2018-12-13",55,1.4,"Alive",NA,NA,"OK","Axial",24,1,"pump","Axial","Axial","Axial blankvoorn","blankvoorn 2018-12-13","blankvoorn",1,0,0,0,NA,"Axial","Class_3.2",0
"164",2018-12-13,2018-12-13,NA,"roach","NA 2018-12-13",61,2.9,"Alive",NA,NA,"OK","Axial",25,1,"pump","Axial","Axial","Axial blankvoorn","blankvoorn 2018-12-13","blankvoorn",1,0,0,0,NA,"Axial","Class_3.2",0
"165",2018-12-12,2018-12-12,NA,"roach","NA 2018-12-12",108,22.4,"Dead",NA,NA,"OK","Axial",26,1,"pump","Axial","Axial","Axial blankvoorn","blankvoorn 2018-12-12","blankvoorn",0,0,1,0,NA,"Axial","Class_3.2",0
"166",2018-12-12,2018-12-12,NA,"roach","NA 2018-12-12",158,59,"Dead",NA,NA,"OK","Axial",27,2,"pump","Axial","Axial","Axial blankvoorn","blankvoorn 2018-12-12","blankvoorn",0,0,1,0,NA,"Axial","Class_3.2",0
"167",2018-12-12,2018-12-12,NA,"roach","NA 2018-12-12",59,1.4,"Dead",NA,NA,"OK","Axial",28,1,"pump","Axial","Axial","Axial blankvoorn","blankvoorn 2018-12-12","blankvoorn",0,0,1,0,NA,"Axial","Class_3.2",0
"168",2018-12-12,2018-12-12,NA,"roach","NA 2018-12-12",104,13.1,"Dead",NA,NA,"OK","Axial",29,1,"pump","Axial","Axial","Axial blankvoorn","blankvoorn 2018-12-12","blankvoorn",0,0,1,0,NA,"Axial","Class_3.2",1
"169",2018-12-12,2018-12-12,NA,"roach","NA 2018-12-12",75,3.8,"Dead",NA,NA,"OK","Axial",30,2,"pump","Axial","Axial","Axial blankvoorn","blankvoorn 2018-12-12","blankvoorn",0,0,1,0,NA,"Axial","Class_3.2",1
"170",2018-12-12,2018-12-12,NA,"roach","NA 2018-12-12",155,NA,"Dead",NA,NA,"OK","Axial",31,1,"pump","Axial","Axial","Axial blankvoorn","blankvoorn 2018-12-12","blankvoorn",0,0,1,0,NA,"Axial","Class_3.2",1
"171",2018-12-12,2018-12-12,NA,"roach","NA 2018-12-12",95,NA,"Dead",NA,NA,"OK","Axial",32,1,"pump","Axial","Axial","Axial blankvoorn","blankvoorn 2018-12-12","blankvoorn",0,0,1,0,NA,"Axial","Class_3.2",1
"172",2018-12-12,2018-12-12,NA,"roach","NA 2018-12-12",105,NA,"Dead",NA,NA,"OK","Axial",33,1,"pump","Axial","Axial","Axial blankvoorn","blankvoorn 2018-12-12","blankvoorn",0,0,1,0,NA,"Axial","Class_3.2",1
"173",2018-12-12,2018-12-12,NA,"roach","NA 2018-12-12",65,NA,"Dead",NA,NA,"OK","Axial",34,1,"pump","Axial","Axial","Axial blankvoorn","blankvoorn 2018-12-12","blankvoorn",0,0,1,0,NA,"Axial","Class_3.2",1
"174",2018-12-12,2018-12-12,NA,"roach","NA 2018-12-12",60,NA,"Dead",NA,NA,"OK","Axial",35,1,"pump","Axial","Axial","Axial blankvoorn","blankvoorn 2018-12-12","blankvoorn",0,0,1,0,NA,"Axial","Class_3.2",1
"175",2018-12-12,2018-12-12,NA,"roach","NA 2018-12-12",57,1,"Dead",NA,NA,"OK","Axial",37,1,"pump","Axial","Axial","Axial blankvoorn","blankvoorn 2018-12-12","blankvoorn",0,0,1,0,NA,"Axial","Class_3.2",0
"176",2018-12-12,2018-12-12,NA,"roach","NA 2018-12-12",55,1.8,"Alive",NA,NA,"OK","Axial",38,1,"pump","Axial","Axial","Axial blankvoorn","blankvoorn 2018-12-12","blankvoorn",1,0,0,0,NA,"Axial","Class_3.2",0
"177",2018-12-12,2018-12-12,NA,"roach","NA 2018-12-12",88,11.3,"Alive",NA,NA,"OK","Axial",39,1,"pump","Axial","Axial","Axial blankvoorn","blankvoorn 2018-12-12","blankvoorn",0,1,0,0,NA,"Axial","Class_3.2",0
"178",2018-12-12,2018-12-12,NA,"roach","NA 2018-12-12",62,2.1,"Alive",NA,NA,"OK","Axial",40,1,"pump","Axial","Axial","Axial blankvoorn","blankvoorn 2018-12-12","blankvoorn",0,1,0,0,NA,"Axial","Class_3.2",0
"179",2018-12-12,2018-12-12,NA,"roach","NA 2018-12-12",55,1.6,"Alive",NA,NA,"OK","Axial",41,1,"pump","Axial","Axial","Axial blankvoorn","blankvoorn 2018-12-12","blankvoorn",1,0,0,0,NA,"Axial","Class_3.2",0
"180",2018-12-12,2018-12-12,NA,"roach","NA 2018-12-12",63,2.4,"Alive",NA,NA,"OK","Axial",42,1,"pump","Axial","Axial","Axial blankvoorn","blankvoorn 2018-12-12","blankvoorn",0,1,0,0,NA,"Axial","Class_3.2",0
"181",2018-12-12,2018-12-12,NA,"roach","NA 2018-12-12",54,1.6,"Alive",NA,NA,"OK","Axial",43,1,"pump","Axial","Axial","Axial blankvoorn","blankvoorn 2018-12-12","blankvoorn",0,1,0,0,NA,"Axial","Class_3.2",0
"182",2018-12-12,2018-12-12,NA,"roach","NA 2018-12-12",61,2.7,"Alive",NA,NA,"OK","Axial",44,1,"pump","Axial","Axial","Axial blankvoorn","blankvoorn 2018-12-12","blankvoorn",0,1,0,0,NA,"Axial","Class_3.2",0
"183",2018-12-12,2018-12-12,NA,"roach","NA 2018-12-12",52,1.5,"Alive",NA,NA,"OK","Axial",45,1,"pump","Axial","Axial","Axial blankvoorn","blankvoorn 2018-12-12","blankvoorn",1,0,0,0,NA,"Axial","Class_3.2",0
"184",2018-12-12,2018-12-12,NA,"roach","NA 2018-12-12",93,9.8,"Alive",NA,NA,"OK","Axial",46,1,"pump","Axial","Axial","Axial blankvoorn","blankvoorn 2018-12-12","blankvoorn",1,0,0,0,NA,"Axial","Class_3.2",0
"185",2018-12-12,2018-12-12,NA,"roach","NA 2018-12-12",54,1.4,"Dead",NA,NA,"OK","Axial",47,1,"pump","Axial","Axial","Axial blankvoorn","blankvoorn 2018-12-12","blankvoorn",0,0,1,0,NA,"Axial","Class_3.2",0
"186",2018-12-12,2018-12-12,NA,"roach","NA 2018-12-12",46,0.8,"Alive",NA,NA,"OK","Axial",48,1,"pump","Axial","Axial","Axial blankvoorn","blankvoorn 2018-12-12","blankvoorn",1,0,0,0,NA,"Axial","Class_3.2",0
"187",2018-12-13,2018-12-13,NA,"roach","NA 2018-12-13",53,1.8,"Dead",NA,NA,"OK","Axial",10,1,"pump","Axial","Axial","Axial blankvoorn","blankvoorn 2018-12-13","blankvoorn",0,0,1,0,NA,"Axial","Class_3.3",0
"188",2018-12-13,2018-12-13,NA,"roach","NA 2018-12-13",42,NA,"Dead",NA,NA,"OK","Axial",11,1,"pump","Axial","Axial","Axial blankvoorn","blankvoorn 2018-12-13","blankvoorn",0,0,1,0,NA,"Axial","Class_3.3",0
"189",2018-12-13,2018-12-13,NA,"roach","NA 2018-12-13",87,9.4,"Dead",NA,NA,"OK","Axial",12,2,"pump","Axial","Axial","Axial blankvoorn","blankvoorn 2018-12-13","blankvoorn",0,0,1,0,NA,"Axial","Class_3.3",0
"190",2018-12-13,2018-12-13,NA,"roach","NA 2018-12-13",43,0.6,"Dead",NA,NA,"OK","Axial",14,1,"pump","Axial","Axial","Axial blankvoorn","blankvoorn 2018-12-13","blankvoorn",0,0,1,0,NA,"Axial","Class_3.3",0
"191",2018-12-13,2018-12-13,NA,"roach","NA 2018-12-13",55,2,"Alive",NA,NA,"OK","Axial",15,1,"pump","Axial","Axial","Axial blankvoorn","blankvoorn 2018-12-13","blankvoorn",1,0,0,0,NA,"Axial","Class_3.3",0
"192",2018-12-13,2018-12-13,NA,"roach","NA 2018-12-13",45,0.9,"Dead",NA,NA,"OK","Axial",19,1,"pump","Axial","Axial","Axial blankvoorn","blankvoorn 2018-12-13","blankvoorn",0,0,1,0,NA,"Axial","Class_3.3",0
"193",2018-12-13,2018-12-13,NA,"roach","NA 2018-12-13",87,8.9,"Alive",NA,NA,"OK","Axial",21,1,"pump","Axial","Axial","Axial blankvoorn","blankvoorn 2018-12-13","blankvoorn",1,0,0,0,NA,"Axial","Class_3.3",0
"194",2018-12-13,2018-12-13,NA,"roach","NA 2018-12-13",55,1.4,"Alive",NA,NA,"OK","Axial",24,1,"pump","Axial","Axial","Axial blankvoorn","blankvoorn 2018-12-13","blankvoorn",1,0,0,0,NA,"Axial","Class_3.3",0
"195",2018-12-13,2018-12-13,NA,"roach","NA 2018-12-13",61,2.9,"Alive",NA,NA,"OK","Axial",25,1,"pump","Axial","Axial","Axial blankvoorn","blankvoorn 2018-12-13","blankvoorn",1,0,0,0,NA,"Axial","Class_3.3",0
"196",2018-12-12,2018-12-12,NA,"roach","NA 2018-12-12",108,22.4,"Dead",NA,NA,"OK","Axial",26,1,"pump","Axial","Axial","Axial blankvoorn","blankvoorn 2018-12-12","blankvoorn",0,0,1,0,NA,"Axial","Class_3.3",0
"197",2018-12-12,2018-12-12,NA,"roach","NA 2018-12-12",158,59,"Dead",NA,NA,"OK","Axial",27,2,"pump","Axial","Axial","Axial blankvoorn","blankvoorn 2018-12-12","blankvoorn",0,0,1,0,NA,"Axial","Class_3.3",0
"198",2018-12-12,2018-12-12,NA,"roach","NA 2018-12-12",59,1.4,"Dead",NA,NA,"OK","Axial",28,1,"pump","Axial","Axial","Axial blankvoorn","blankvoorn 2018-12-12","blankvoorn",0,0,1,0,NA,"Axial","Class_3.3",0
"199",2018-12-12,2018-12-12,NA,"roach","NA 2018-12-12",104,13.1,"Dead",NA,NA,"OK","Axial",29,1,"pump","Axial","Axial","Axial blankvoorn","blankvoorn 2018-12-12","blankvoorn",0,0,1,0,NA,"Axial","Class_3.3",0
"200",2018-12-12,2018-12-12,NA,"roach","NA 2018-12-12",75,3.8,"Dead",NA,NA,"OK","Axial",30,2,"pump","Axial","Axial","Axial blankvoorn","blankvoorn 2018-12-12","blankvoorn",0,0,1,0,NA,"Axial","Class_3.3",0
"201",2018-12-12,2018-12-12,NA,"roach","NA 2018-12-12",155,NA,"Dead",NA,NA,"OK","Axial",31,1,"pump","Axial","Axial","Axial blankvoorn","blankvoorn 2018-12-12","blankvoorn",0,0,1,0,NA,"Axial","Class_3.3",0
"202",2018-12-12,2018-12-12,NA,"roach","NA 2018-12-12",95,NA,"Dead",NA,NA,"OK","Axial",32,1,"pump","Axial","Axial","Axial blankvoorn","blankvoorn 2018-12-12","blankvoorn",0,0,1,0,NA,"Axial","Class_3.3",0
"203",2018-12-12,2018-12-12,NA,"roach","NA 2018-12-12",105,NA,"Dead",NA,NA,"OK","Axial",33,1,"pump","Axial","Axial","Axial blankvoorn","blankvoorn 2018-12-12","blankvoorn",0,0,1,0,NA,"Axial","Class_3.3",0
"204",2018-12-12,2018-12-12,NA,"roach","NA 2018-12-12",65,NA,"Dead",NA,NA,"OK","Axial",34,1,"pump","Axial","Axial","Axial blankvoorn","blankvoorn 2018-12-12","blankvoorn",0,0,1,0,NA,"Axial","Class_3.3",0
"205",2018-12-12,2018-12-12,NA,"roach","NA 2018-12-12",60,NA,"Dead",NA,NA,"OK","Axial",35,1,"pump","Axial","Axial","Axial blankvoorn","blankvoorn 2018-12-12","blankvoorn",0,0,1,0,NA,"Axial","Class_3.3",0
"206",2018-12-12,2018-12-12,NA,"roach","NA 2018-12-12",57,1,"Dead",NA,NA,"OK","Axial",37,1,"pump","Axial","Axial","Axial blankvoorn","blankvoorn 2018-12-12","blankvoorn",0,0,1,0,NA,"Axial","Class_3.3",0
"207",2018-12-12,2018-12-12,NA,"roach","NA 2018-12-12",55,1.8,"Alive",NA,NA,"OK","Axial",38,1,"pump","Axial","Axial","Axial blankvoorn","blankvoorn 2018-12-12","blankvoorn",1,0,0,0,NA,"Axial","Class_3.3",0
"208",2018-12-12,2018-12-12,NA,"roach","NA 2018-12-12",88,11.3,"Alive",NA,NA,"OK","Axial",39,1,"pump","Axial","Axial","Axial blankvoorn","blankvoorn 2018-12-12","blankvoorn",0,1,0,0,NA,"Axial","Class_3.3",0
"209",2018-12-12,2018-12-12,NA,"roach","NA 2018-12-12",62,2.1,"Alive",NA,NA,"OK","Axial",40,1,"pump","Axial","Axial","Axial blankvoorn","blankvoorn 2018-12-12","blankvoorn",0,1,0,0,NA,"Axial","Class_3.3",0
"210",2018-12-12,2018-12-12,NA,"roach","NA 2018-12-12",55,1.6,"Alive",NA,NA,"OK","Axial",41,1,"pump","Axial","Axial","Axial blankvoorn","blankvoorn 2018-12-12","blankvoorn",1,0,0,0,NA,"Axial","Class_3.3",0
"211",2018-12-12,2018-12-12,NA,"roach","NA 2018-12-12",63,2.4,"Alive",NA,NA,"OK","Axial",42,1,"pump","Axial","Axial","Axial blankvoorn","blankvoorn 2018-12-12","blankvoorn",0,1,0,0,NA,"Axial","Class_3.3",0
"212",2018-12-12,2018-12-12,NA,"roach","NA 2018-12-12",54,1.6,"Alive",NA,NA,"OK","Axial",43,1,"pump","Axial","Axial","Axial blankvoorn","blankvoorn 2018-12-12","blankvoorn",0,1,0,0,NA,"Axial","Class_3.3",0
"213",2018-12-12,2018-12-12,NA,"roach","NA 2018-12-12",61,2.7,"Alive",NA,NA,"OK","Axial",44,1,"pump","Axial","Axial","Axial blankvoorn","blankvoorn 2018-12-12","blankvoorn",0,1,0,0,NA,"Axial","Class_3.3",0
"214",2018-12-12,2018-12-12,NA,"roach","NA 2018-12-12",52,1.5,"Alive",NA,NA,"OK","Axial",45,1,"pump","Axial","Axial","Axial blankvoorn","blankvoorn 2018-12-12","blankvoorn",1,0,0,0,NA,"Axial","Class_3.3",0
"215",2018-12-12,2018-12-12,NA,"roach","NA 2018-12-12",93,9.8,"Alive",NA,NA,"OK","Axial",46,1,"pump","Axial","Axial","Axial blankvoorn","blankvoorn 2018-12-12","blankvoorn",1,0,0,0,NA,"Axial","Class_3.3",0
"216",2018-12-12,2018-12-12,NA,"roach","NA 2018-12-12",54,1.4,"Dead",NA,NA,"OK","Axial",47,1,"pump","Axial","Axial","Axial blankvoorn","blankvoorn 2018-12-12","blankvoorn",0,0,1,0,NA,"Axial","Class_3.3",0
"217",2018-12-12,2018-12-12,NA,"roach","NA 2018-12-12",46,0.8,"Alive",NA,NA,"OK","Axial",48,1,"pump","Axial","Axial","Axial blankvoorn","blankvoorn 2018-12-12","blankvoorn",1,0,0,0,NA,"Axial","Class_3.3",0
"218",2018-12-13,2018-12-13,NA,"roach","NA 2018-12-13",53,1.8,"Dead",NA,NA,"OK","Axial",10,1,"pump","Axial","Axial","Axial blankvoorn","blankvoorn 2018-12-13","blankvoorn",0,0,1,0,NA,"Axial","Class_3.4",0
"219",2018-12-13,2018-12-13,NA,"roach","NA 2018-12-13",42,NA,"Dead",NA,NA,"OK","Axial",11,1,"pump","Axial","Axial","Axial blankvoorn","blankvoorn 2018-12-13","blankvoorn",0,0,1,0,NA,"Axial","Class_3.4",0
"220",2018-12-13,2018-12-13,NA,"roach","NA 2018-12-13",87,9.4,"Dead",NA,NA,"OK","Axial",12,2,"pump","Axial","Axial","Axial blankvoorn","blankvoorn 2018-12-13","blankvoorn",0,0,1,0,NA,"Axial","Class_3.4",0
"221",2018-12-13,2018-12-13,NA,"roach","NA 2018-12-13",43,0.6,"Dead",NA,NA,"OK","Axial",14,1,"pump","Axial","Axial","Axial blankvoorn","blankvoorn 2018-12-13","blankvoorn",0,0,1,0,NA,"Axial","Class_3.4",0
"222",2018-12-13,2018-12-13,NA,"roach","NA 2018-12-13",55,2,"Alive",NA,NA,"OK","Axial",15,1,"pump","Axial","Axial","Axial blankvoorn","blankvoorn 2018-12-13","blankvoorn",1,0,0,0,NA,"Axial","Class_3.4",0
"223",2018-12-13,2018-12-13,NA,"roach","NA 2018-12-13",45,0.9,"Dead",NA,NA,"OK","Axial",19,1,"pump","Axial","Axial","Axial blankvoorn","blankvoorn 2018-12-13","blankvoorn",0,0,1,0,NA,"Axial","Class_3.4",0
"224",2018-12-13,2018-12-13,NA,"roach","NA 2018-12-13",87,8.9,"Alive",NA,NA,"OK","Axial",21,1,"pump","Axial","Axial","Axial blankvoorn","blankvoorn 2018-12-13","blankvoorn",1,0,0,0,NA,"Axial","Class_3.4",0
"225",2018-12-13,2018-12-13,NA,"roach","NA 2018-12-13",55,1.4,"Alive",NA,NA,"OK","Axial",24,1,"pump","Axial","Axial","Axial blankvoorn","blankvoorn 2018-12-13","blankvoorn",1,0,0,0,NA,"Axial","Class_3.4",0
"226",2018-12-13,2018-12-13,NA,"roach","NA 2018-12-13",61,2.9,"Alive",NA,NA,"OK","Axial",25,1,"pump","Axial","Axial","Axial blankvoorn","blankvoorn 2018-12-13","blankvoorn",1,0,0,0,NA,"Axial","Class_3.4",0
"227",2018-12-12,2018-12-12,NA,"roach","NA 2018-12-12",108,22.4,"Dead",NA,NA,"OK","Axial",26,1,"pump","Axial","Axial","Axial blankvoorn","blankvoorn 2018-12-12","blankvoorn",0,0,1,0,NA,"Axial","Class_3.4",0
"228",2018-12-12,2018-12-12,NA,"roach","NA 2018-12-12",158,59,"Dead",NA,NA,"OK","Axial",27,2,"pump","Axial","Axial","Axial blankvoorn","blankvoorn 2018-12-12","blankvoorn",0,0,1,0,NA,"Axial","Class_3.4",0
"229",2018-12-12,2018-12-12,NA,"roach","NA 2018-12-12",59,1.4,"Dead",NA,NA,"OK","Axial",28,1,"pump","Axial","Axial","Axial blankvoorn","blankvoorn 2018-12-12","blankvoorn",0,0,1,0,NA,"Axial","Class_3.4",0
"230",2018-12-12,2018-12-12,NA,"roach","NA 2018-12-12",104,13.1,"Dead",NA,NA,"OK","Axial",29,1,"pump","Axial","Axial","Axial blankvoorn","blankvoorn 2018-12-12","blankvoorn",0,0,1,0,NA,"Axial","Class_3.4",0
"231",2018-12-12,2018-12-12,NA,"roach","NA 2018-12-12",75,3.8,"Dead",NA,NA,"OK","Axial",30,2,"pump","Axial","Axial","Axial blankvoorn","blankvoorn 2018-12-12","blankvoorn",0,0,1,0,NA,"Axial","Class_3.4",0
"232",2018-12-12,2018-12-12,NA,"roach","NA 2018-12-12",155,NA,"Dead",NA,NA,"OK","Axial",31,1,"pump","Axial","Axial","Axial blankvoorn","blankvoorn 2018-12-12","blankvoorn",0,0,1,0,NA,"Axial","Class_3.4",0
"233",2018-12-12,2018-12-12,NA,"roach","NA 2018-12-12",95,NA,"Dead",NA,NA,"OK","Axial",32,1,"pump","Axial","Axial","Axial blankvoorn","blankvoorn 2018-12-12","blankvoorn",0,0,1,0,NA,"Axial","Class_3.4",0
"234",2018-12-12,2018-12-12,NA,"roach","NA 2018-12-12",105,NA,"Dead",NA,NA,"OK","Axial",33,1,"pump","Axial","Axial","Axial blankvoorn","blankvoorn 2018-12-12","blankvoorn",0,0,1,0,NA,"Axial","Class_3.4",0
"235",2018-12-12,2018-12-12,NA,"roach","NA 2018-12-12",65,NA,"Dead",NA,NA,"OK","Axial",34,1,"pump","Axial","Axial","Axial blankvoorn","blankvoorn 2018-12-12","blankvoorn",0,0,1,0,NA,"Axial","Class_3.4",0
"236",2018-12-12,2018-12-12,NA,"roach","NA 2018-12-12",60,NA,"Dead",NA,NA,"OK","Axial",35,1,"pump","Axial","Axial","Axial blankvoorn","blankvoorn 2018-12-12","blankvoorn",0,0,1,0,NA,"Axial","Class_3.4",0
"237",2018-12-12,2018-12-12,NA,"roach","NA 2018-12-12",57,1,"Dead",NA,NA,"OK","Axial",37,1,"pump","Axial","Axial","Axial blankvoorn","blankvoorn 2018-12-12","blankvoorn",0,0,1,0,NA,"Axial","Class_3.4",0
"238",2018-12-12,2018-12-12,NA,"roach","NA 2018-12-12",55,1.8,"Alive",NA,NA,"OK","Axial",38,1,"pump","Axial","Axial","Axial blankvoorn","blankvoorn 2018-12-12","blankvoorn",1,0,0,0,NA,"Axial","Class_3.4",0
"239",2018-12-12,2018-12-12,NA,"roach","NA 2018-12-12",88,11.3,"Alive",NA,NA,"OK","Axial",39,1,"pump","Axial","Axial","Axial blankvoorn","blankvoorn 2018-12-12","blankvoorn",0,1,0,0,NA,"Axial","Class_3.4",0
"240",2018-12-12,2018-12-12,NA,"roach","NA 2018-12-12",62,2.1,"Alive",NA,NA,"OK","Axial",40,1,"pump","Axial","Axial","Axial blankvoorn","blankvoorn 2018-12-12","blankvoorn",0,1,0,0,NA,"Axial","Class_3.4",0
"241",2018-12-12,2018-12-12,NA,"roach","NA 2018-12-12",55,1.6,"Alive",NA,NA,"OK","Axial",41,1,"pump","Axial","Axial","Axial blankvoorn","blankvoorn 2018-12-12","blankvoorn",1,0,0,0,NA,"Axial","Class_3.4",0
"242",2018-12-12,2018-12-12,NA,"roach","NA 2018-12-12",63,2.4,"Alive",NA,NA,"OK","Axial",42,1,"pump","Axial","Axial","Axial blankvoorn","blankvoorn 2018-12-12","blankvoorn",0,1,0,0,NA,"Axial","Class_3.4",0
"243",2018-12-12,2018-12-12,NA,"roach","NA 2018-12-12",54,1.6,"Alive",NA,NA,"OK","Axial",43,1,"pump","Axial","Axial","Axial blankvoorn","blankvoorn 2018-12-12","blankvoorn",0,1,0,0,NA,"Axial","Class_3.4",0
"244",2018-12-12,2018-12-12,NA,"roach","NA 2018-12-12",61,2.7,"Alive",NA,NA,"OK","Axial",44,1,"pump","Axial","Axial","Axial blankvoorn","blankvoorn 2018-12-12","blankvoorn",0,1,0,0,NA,"Axial","Class_3.4",0
"245",2018-12-12,2018-12-12,NA,"roach","NA 2018-12-12",52,1.5,"Alive",NA,NA,"OK","Axial",45,1,"pump","Axial","Axial","Axial blankvoorn","blankvoorn 2018-12-12","blankvoorn",1,0,0,0,NA,"Axial","Class_3.4",0
"246",2018-12-12,2018-12-12,NA,"roach","NA 2018-12-12",93,9.8,"Alive",NA,NA,"OK","Axial",46,1,"pump","Axial","Axial","Axial blankvoorn","blankvoorn 2018-12-12","blankvoorn",1,0,0,0,NA,"Axial","Class_3.4",0
"247",2018-12-12,2018-12-12,NA,"roach","NA 2018-12-12",54,1.4,"Dead",NA,NA,"OK","Axial",47,1,"pump","Axial","Axial","Axial blankvoorn","blankvoorn 2018-12-12","blankvoorn",0,0,1,0,NA,"Axial","Class_3.4",0
"248",2018-12-12,2018-12-12,NA,"roach","NA 2018-12-12",46,0.8,"Alive",NA,NA,"OK","Axial",48,1,"pump","Axial","Axial","Axial blankvoorn","blankvoorn 2018-12-12","blankvoorn",1,0,0,0,NA,"Axial","Class_3.4",0
"249",2018-12-13,2018-12-13,NA,"roach","NA 2018-12-13",53,1.8,"Dead",NA,NA,"OK","Axial",10,1,"pump","Axial","Axial","Axial blankvoorn","blankvoorn 2018-12-13","blankvoorn",0,0,1,0,NA,"Axial","Class_3.5",0
"250",2018-12-13,2018-12-13,NA,"roach","NA 2018-12-13",42,NA,"Dead",NA,NA,"OK","Axial",11,1,"pump","Axial","Axial","Axial blankvoorn","blankvoorn 2018-12-13","blankvoorn",0,0,1,0,NA,"Axial","Class_3.5",0
"251",2018-12-13,2018-12-13,NA,"roach","NA 2018-12-13",87,9.4,"Dead",NA,NA,"OK","Axial",12,2,"pump","Axial","Axial","Axial blankvoorn","blankvoorn 2018-12-13","blankvoorn",0,0,1,0,NA,"Axial","Class_3.5",1
"252",2018-12-13,2018-12-13,NA,"roach","NA 2018-12-13",43,0.6,"Dead",NA,NA,"OK","Axial",14,1,"pump","Axial","Axial","Axial blankvoorn","blankvoorn 2018-12-13","blankvoorn",0,0,1,0,NA,"Axial","Class_3.5",0
"253",2018-12-13,2018-12-13,NA,"roach","NA 2018-12-13",55,2,"Alive",NA,NA,"OK","Axial",15,1,"pump","Axial","Axial","Axial blankvoorn","blankvoorn 2018-12-13","blankvoorn",1,0,0,0,NA,"Axial","Class_3.5",0
"254",2018-12-13,2018-12-13,NA,"roach","NA 2018-12-13",45,0.9,"Dead",NA,NA,"OK","Axial",19,1,"pump","Axial","Axial","Axial blankvoorn","blankvoorn 2018-12-13","blankvoorn",0,0,1,0,NA,"Axial","Class_3.5",0
"255",2018-12-13,2018-12-13,NA,"roach","NA 2018-12-13",87,8.9,"Alive",NA,NA,"OK","Axial",21,1,"pump","Axial","Axial","Axial blankvoorn","blankvoorn 2018-12-13","blankvoorn",1,0,0,0,NA,"Axial","Class_3.5",0
"256",2018-12-13,2018-12-13,NA,"roach","NA 2018-12-13",55,1.4,"Alive",NA,NA,"OK","Axial",24,1,"pump","Axial","Axial","Axial blankvoorn","blankvoorn 2018-12-13","blankvoorn",1,0,0,0,NA,"Axial","Class_3.5",0
"257",2018-12-13,2018-12-13,NA,"roach","NA 2018-12-13",61,2.9,"Alive",NA,NA,"OK","Axial",25,1,"pump","Axial","Axial","Axial blankvoorn","blankvoorn 2018-12-13","blankvoorn",1,0,0,0,NA,"Axial","Class_3.5",0
"258",2018-12-12,2018-12-12,NA,"roach","NA 2018-12-12",108,22.4,"Dead",NA,NA,"OK","Axial",26,1,"pump","Axial","Axial","Axial blankvoorn","blankvoorn 2018-12-12","blankvoorn",0,0,1,0,NA,"Axial","Class_3.5",0
"259",2018-12-12,2018-12-12,NA,"roach","NA 2018-12-12",158,59,"Dead",NA,NA,"OK","Axial",27,2,"pump","Axial","Axial","Axial blankvoorn","blankvoorn 2018-12-12","blankvoorn",0,0,1,0,NA,"Axial","Class_3.5",1
"260",2018-12-12,2018-12-12,NA,"roach","NA 2018-12-12",59,1.4,"Dead",NA,NA,"OK","Axial",28,1,"pump","Axial","Axial","Axial blankvoorn","blankvoorn 2018-12-12","blankvoorn",0,0,1,0,NA,"Axial","Class_3.5",0
"261",2018-12-12,2018-12-12,NA,"roach","NA 2018-12-12",104,13.1,"Dead",NA,NA,"OK","Axial",29,1,"pump","Axial","Axial","Axial blankvoorn","blankvoorn 2018-12-12","blankvoorn",0,0,1,0,NA,"Axial","Class_3.5",0
"262",2018-12-12,2018-12-12,NA,"roach","NA 2018-12-12",75,3.8,"Dead",NA,NA,"OK","Axial",30,2,"pump","Axial","Axial","Axial blankvoorn","blankvoorn 2018-12-12","blankvoorn",0,0,1,0,NA,"Axial","Class_3.5",0
"263",2018-12-12,2018-12-12,NA,"roach","NA 2018-12-12",155,NA,"Dead",NA,NA,"OK","Axial",31,1,"pump","Axial","Axial","Axial blankvoorn","blankvoorn 2018-12-12","blankvoorn",0,0,1,0,NA,"Axial","Class_3.5",0
"264",2018-12-12,2018-12-12,NA,"roach","NA 2018-12-12",95,NA,"Dead",NA,NA,"OK","Axial",32,1,"pump","Axial","Axial","Axial blankvoorn","blankvoorn 2018-12-12","blankvoorn",0,0,1,0,NA,"Axial","Class_3.5",0
"265",2018-12-12,2018-12-12,NA,"roach","NA 2018-12-12",105,NA,"Dead",NA,NA,"OK","Axial",33,1,"pump","Axial","Axial","Axial blankvoorn","blankvoorn 2018-12-12","blankvoorn",0,0,1,0,NA,"Axial","Class_3.5",0
"266",2018-12-12,2018-12-12,NA,"roach","NA 2018-12-12",65,NA,"Dead",NA,NA,"OK","Axial",34,1,"pump","Axial","Axial","Axial blankvoorn","blankvoorn 2018-12-12","blankvoorn",0,0,1,0,NA,"Axial","Class_3.5",0
"267",2018-12-12,2018-12-12,NA,"roach","NA 2018-12-12",60,NA,"Dead",NA,NA,"OK","Axial",35,1,"pump","Axial","Axial","Axial blankvoorn","blankvoorn 2018-12-12","blankvoorn",0,0,1,0,NA,"Axial","Class_3.5",0
"268",2018-12-12,2018-12-12,NA,"roach","NA 2018-12-12",57,1,"Dead",NA,NA,"OK","Axial",37,1,"pump","Axial","Axial","Axial blankvoorn","blankvoorn 2018-12-12","blankvoorn",0,0,1,0,NA,"Axial","Class_3.5",0
"269",2018-12-12,2018-12-12,NA,"roach","NA 2018-12-12",55,1.8,"Alive",NA,NA,"OK","Axial",38,1,"pump","Axial","Axial","Axial blankvoorn","blankvoorn 2018-12-12","blankvoorn",1,0,0,0,NA,"Axial","Class_3.5",0
"270",2018-12-12,2018-12-12,NA,"roach","NA 2018-12-12",88,11.3,"Alive",NA,NA,"OK","Axial",39,1,"pump","Axial","Axial","Axial blankvoorn","blankvoorn 2018-12-12","blankvoorn",0,1,0,0,NA,"Axial","Class_3.5",0
"271",2018-12-12,2018-12-12,NA,"roach","NA 2018-12-12",62,2.1,"Alive",NA,NA,"OK","Axial",40,1,"pump","Axial","Axial","Axial blankvoorn","blankvoorn 2018-12-12","blankvoorn",0,1,0,0,NA,"Axial","Class_3.5",0
"272",2018-12-12,2018-12-12,NA,"roach","NA 2018-12-12",55,1.6,"Alive",NA,NA,"OK","Axial",41,1,"pump","Axial","Axial","Axial blankvoorn","blankvoorn 2018-12-12","blankvoorn",1,0,0,0,NA,"Axial","Class_3.5",0
"273",2018-12-12,2018-12-12,NA,"roach","NA 2018-12-12",63,2.4,"Alive",NA,NA,"OK","Axial",42,1,"pump","Axial","Axial","Axial blankvoorn","blankvoorn 2018-12-12","blankvoorn",0,1,0,0,NA,"Axial","Class_3.5",0
"274",2018-12-12,2018-12-12,NA,"roach","NA 2018-12-12",54,1.6,"Alive",NA,NA,"OK","Axial",43,1,"pump","Axial","Axial","Axial blankvoorn","blankvoorn 2018-12-12","blankvoorn",0,1,0,0,NA,"Axial","Class_3.5",0
"275",2018-12-12,2018-12-12,NA,"roach","NA 2018-12-12",61,2.7,"Alive",NA,NA,"OK","Axial",44,1,"pump","Axial","Axial","Axial blankvoorn","blankvoorn 2018-12-12","blankvoorn",0,1,0,0,NA,"Axial","Class_3.5",0
"276",2018-12-12,2018-12-12,NA,"roach","NA 2018-12-12",52,1.5,"Alive",NA,NA,"OK","Axial",45,1,"pump","Axial","Axial","Axial blankvoorn","blankvoorn 2018-12-12","blankvoorn",1,0,0,0,NA,"Axial","Class_3.5",0
"277",2018-12-12,2018-12-12,NA,"roach","NA 2018-12-12",93,9.8,"Alive",NA,NA,"OK","Axial",46,1,"pump","Axial","Axial","Axial blankvoorn","blankvoorn 2018-12-12","blankvoorn",1,0,0,0,NA,"Axial","Class_3.5",0
"278",2018-12-12,2018-12-12,NA,"roach","NA 2018-12-12",54,1.4,"Dead",NA,NA,"OK","Axial",47,1,"pump","Axial","Axial","Axial blankvoorn","blankvoorn 2018-12-12","blankvoorn",0,0,1,0,NA,"Axial","Class_3.5",0
"279",2018-12-12,2018-12-12,NA,"roach","NA 2018-12-12",46,0.8,"Alive",NA,NA,"OK","Axial",48,1,"pump","Axial","Axial","Axial blankvoorn","blankvoorn 2018-12-12","blankvoorn",1,0,0,0,NA,"Axial","Class_3.5",0
"280",2018-12-13,2018-12-13,NA,"roach","NA 2018-12-13",53,1.8,"Dead",NA,NA,"OK","Axial",10,1,"pump","Axial","Axial","Axial blankvoorn","blankvoorn 2018-12-13","blankvoorn",0,0,1,0,NA,"Axial","Class_3.6",1
"281",2018-12-13,2018-12-13,NA,"roach","NA 2018-12-13",42,NA,"Dead",NA,NA,"OK","Axial",11,1,"pump","Axial","Axial","Axial blankvoorn","blankvoorn 2018-12-13","blankvoorn",0,0,1,0,NA,"Axial","Class_3.6",0
"282",2018-12-13,2018-12-13,NA,"roach","NA 2018-12-13",87,9.4,"Dead",NA,NA,"OK","Axial",12,2,"pump","Axial","Axial","Axial blankvoorn","blankvoorn 2018-12-13","blankvoorn",0,0,1,0,NA,"Axial","Class_3.6",0
"283",2018-12-13,2018-12-13,NA,"roach","NA 2018-12-13",43,0.6,"Dead",NA,NA,"OK","Axial",14,1,"pump","Axial","Axial","Axial blankvoorn","blankvoorn 2018-12-13","blankvoorn",0,0,1,0,NA,"Axial","Class_3.6",1
"284",2018-12-13,2018-12-13,NA,"roach","NA 2018-12-13",55,2,"Alive",NA,NA,"OK","Axial",15,1,"pump","Axial","Axial","Axial blankvoorn","blankvoorn 2018-12-13","blankvoorn",1,0,0,0,NA,"Axial","Class_3.6",0
"285",2018-12-13,2018-12-13,NA,"roach","NA 2018-12-13",45,0.9,"Dead",NA,NA,"OK","Axial",19,1,"pump","Axial","Axial","Axial blankvoorn","blankvoorn 2018-12-13","blankvoorn",0,0,1,0,NA,"Axial","Class_3.6",0
"286",2018-12-13,2018-12-13,NA,"roach","NA 2018-12-13",87,8.9,"Alive",NA,NA,"OK","Axial",21,1,"pump","Axial","Axial","Axial blankvoorn","blankvoorn 2018-12-13","blankvoorn",1,0,0,0,NA,"Axial","Class_3.6",0
"287",2018-12-13,2018-12-13,NA,"roach","NA 2018-12-13",55,1.4,"Alive",NA,NA,"OK","Axial",24,1,"pump","Axial","Axial","Axial blankvoorn","blankvoorn 2018-12-13","blankvoorn",1,0,0,0,NA,"Axial","Class_3.6",0
"288",2018-12-13,2018-12-13,NA,"roach","NA 2018-12-13",61,2.9,"Alive",NA,NA,"OK","Axial",25,1,"pump","Axial","Axial","Axial blankvoorn","blankvoorn 2018-12-13","blankvoorn",1,0,0,0,NA,"Axial","Class_3.6",0
"289",2018-12-12,2018-12-12,NA,"roach","NA 2018-12-12",108,22.4,"Dead",NA,NA,"OK","Axial",26,1,"pump","Axial","Axial","Axial blankvoorn","blankvoorn 2018-12-12","blankvoorn",0,0,1,0,NA,"Axial","Class_3.6",0
"290",2018-12-12,2018-12-12,NA,"roach","NA 2018-12-12",158,59,"Dead",NA,NA,"OK","Axial",27,2,"pump","Axial","Axial","Axial blankvoorn","blankvoorn 2018-12-12","blankvoorn",0,0,1,0,NA,"Axial","Class_3.6",0
"291",2018-12-12,2018-12-12,NA,"roach","NA 2018-12-12",59,1.4,"Dead",NA,NA,"OK","Axial",28,1,"pump","Axial","Axial","Axial blankvoorn","blankvoorn 2018-12-12","blankvoorn",0,0,1,0,NA,"Axial","Class_3.6",0
"292",2018-12-12,2018-12-12,NA,"roach","NA 2018-12-12",104,13.1,"Dead",NA,NA,"OK","Axial",29,1,"pump","Axial","Axial","Axial blankvoorn","blankvoorn 2018-12-12","blankvoorn",0,0,1,0,NA,"Axial","Class_3.6",0
"293",2018-12-12,2018-12-12,NA,"roach","NA 2018-12-12",75,3.8,"Dead",NA,NA,"OK","Axial",30,2,"pump","Axial","Axial","Axial blankvoorn","blankvoorn 2018-12-12","blankvoorn",0,0,1,0,NA,"Axial","Class_3.6",0
"294",2018-12-12,2018-12-12,NA,"roach","NA 2018-12-12",155,NA,"Dead",NA,NA,"OK","Axial",31,1,"pump","Axial","Axial","Axial blankvoorn","blankvoorn 2018-12-12","blankvoorn",0,0,1,0,NA,"Axial","Class_3.6",0
"295",2018-12-12,2018-12-12,NA,"roach","NA 2018-12-12",95,NA,"Dead",NA,NA,"OK","Axial",32,1,"pump","Axial","Axial","Axial blankvoorn","blankvoorn 2018-12-12","blankvoorn",0,0,1,0,NA,"Axial","Class_3.6",0
"296",2018-12-12,2018-12-12,NA,"roach","NA 2018-12-12",105,NA,"Dead",NA,NA,"OK","Axial",33,1,"pump","Axial","Axial","Axial blankvoorn","blankvoorn 2018-12-12","blankvoorn",0,0,1,0,NA,"Axial","Class_3.6",0
"297",2018-12-12,2018-12-12,NA,"roach","NA 2018-12-12",65,NA,"Dead",NA,NA,"OK","Axial",34,1,"pump","Axial","Axial","Axial blankvoorn","blankvoorn 2018-12-12","blankvoorn",0,0,1,0,NA,"Axial","Class_3.6",0
"298",2018-12-12,2018-12-12,NA,"roach","NA 2018-12-12",60,NA,"Dead",NA,NA,"OK","Axial",35,1,"pump","Axial","Axial","Axial blankvoorn","blankvoorn 2018-12-12","blankvoorn",0,0,1,0,NA,"Axial","Class_3.6",0
"299",2018-12-12,2018-12-12,NA,"roach","NA 2018-12-12",57,1,"Dead",NA,NA,"OK","Axial",37,1,"pump","Axial","Axial","Axial blankvoorn","blankvoorn 2018-12-12","blankvoorn",0,0,1,0,NA,"Axial","Class_3.6",1
"300",2018-12-12,2018-12-12,NA,"roach","NA 2018-12-12",55,1.8,"Alive",NA,NA,"OK","Axial",38,1,"pump","Axial","Axial","Axial blankvoorn","blankvoorn 2018-12-12","blankvoorn",1,0,0,0,NA,"Axial","Class_3.6",0
"301",2018-12-12,2018-12-12,NA,"roach","NA 2018-12-12",88,11.3,"Alive",NA,NA,"OK","Axial",39,1,"pump","Axial","Axial","Axial blankvoorn","blankvoorn 2018-12-12","blankvoorn",0,1,0,0,NA,"Axial","Class_3.6",0
"302",2018-12-12,2018-12-12,NA,"roach","NA 2018-12-12",62,2.1,"Alive",NA,NA,"OK","Axial",40,1,"pump","Axial","Axial","Axial blankvoorn","blankvoorn 2018-12-12","blankvoorn",0,1,0,0,NA,"Axial","Class_3.6",0
"303",2018-12-12,2018-12-12,NA,"roach","NA 2018-12-12",55,1.6,"Alive",NA,NA,"OK","Axial",41,1,"pump","Axial","Axial","Axial blankvoorn","blankvoorn 2018-12-12","blankvoorn",1,0,0,0,NA,"Axial","Class_3.6",0
"304",2018-12-12,2018-12-12,NA,"roach","NA 2018-12-12",63,2.4,"Alive",NA,NA,"OK","Axial",42,1,"pump","Axial","Axial","Axial blankvoorn","blankvoorn 2018-12-12","blankvoorn",0,1,0,0,NA,"Axial","Class_3.6",0
"305",2018-12-12,2018-12-12,NA,"roach","NA 2018-12-12",54,1.6,"Alive",NA,NA,"OK","Axial",43,1,"pump","Axial","Axial","Axial blankvoorn","blankvoorn 2018-12-12","blankvoorn",0,1,0,0,NA,"Axial","Class_3.6",0
"306",2018-12-12,2018-12-12,NA,"roach","NA 2018-12-12",61,2.7,"Alive",NA,NA,"OK","Axial",44,1,"pump","Axial","Axial","Axial blankvoorn","blankvoorn 2018-12-12","blankvoorn",0,1,0,0,NA,"Axial","Class_3.6",0
"307",2018-12-12,2018-12-12,NA,"roach","NA 2018-12-12",52,1.5,"Alive",NA,NA,"OK","Axial",45,1,"pump","Axial","Axial","Axial blankvoorn","blankvoorn 2018-12-12","blankvoorn",1,0,0,0,NA,"Axial","Class_3.6",0
"308",2018-12-12,2018-12-12,NA,"roach","NA 2018-12-12",93,9.8,"Alive",NA,NA,"OK","Axial",46,1,"pump","Axial","Axial","Axial blankvoorn","blankvoorn 2018-12-12","blankvoorn",1,0,0,0,NA,"Axial","Class_3.6",0
"309",2018-12-12,2018-12-12,NA,"roach","NA 2018-12-12",54,1.4,"Dead",NA,NA,"OK","Axial",47,1,"pump","Axial","Axial","Axial blankvoorn","blankvoorn 2018-12-12","blankvoorn",0,0,1,0,NA,"Axial","Class_3.6",0
"310",2018-12-12,2018-12-12,NA,"roach","NA 2018-12-12",46,0.8,"Alive",NA,NA,"OK","Axial",48,1,"pump","Axial","Axial","Axial blankvoorn","blankvoorn 2018-12-12","blankvoorn",1,0,0,0,NA,"Axial","Class_3.6",0
"311",2018-12-13,2018-12-13,NA,"roach","NA 2018-12-13",53,1.8,"Dead",NA,NA,"OK","Axial",10,1,"pump","Axial","Axial","Axial blankvoorn","blankvoorn 2018-12-13","blankvoorn",0,0,1,0,NA,"Axial","Class_3.7",0
"312",2018-12-13,2018-12-13,NA,"roach","NA 2018-12-13",42,NA,"Dead",NA,NA,"OK","Axial",11,1,"pump","Axial","Axial","Axial blankvoorn","blankvoorn 2018-12-13","blankvoorn",0,0,1,0,NA,"Axial","Class_3.7",0
"313",2018-12-13,2018-12-13,NA,"roach","NA 2018-12-13",87,9.4,"Dead",NA,NA,"OK","Axial",12,2,"pump","Axial","Axial","Axial blankvoorn","blankvoorn 2018-12-13","blankvoorn",0,0,1,0,NA,"Axial","Class_3.7",0
"314",2018-12-13,2018-12-13,NA,"roach","NA 2018-12-13",43,0.6,"Dead",NA,NA,"OK","Axial",14,1,"pump","Axial","Axial","Axial blankvoorn","blankvoorn 2018-12-13","blankvoorn",0,0,1,0,NA,"Axial","Class_3.7",0
"315",2018-12-13,2018-12-13,NA,"roach","NA 2018-12-13",55,2,"Alive",NA,NA,"OK","Axial",15,1,"pump","Axial","Axial","Axial blankvoorn","blankvoorn 2018-12-13","blankvoorn",1,0,0,0,NA,"Axial","Class_3.7",0
"316",2018-12-13,2018-12-13,NA,"roach","NA 2018-12-13",45,0.9,"Dead",NA,NA,"OK","Axial",19,1,"pump","Axial","Axial","Axial blankvoorn","blankvoorn 2018-12-13","blankvoorn",0,0,1,0,NA,"Axial","Class_3.7",0
"317",2018-12-13,2018-12-13,NA,"roach","NA 2018-12-13",87,8.9,"Alive",NA,NA,"OK","Axial",21,1,"pump","Axial","Axial","Axial blankvoorn","blankvoorn 2018-12-13","blankvoorn",1,0,0,0,NA,"Axial","Class_3.7",0
"318",2018-12-13,2018-12-13,NA,"roach","NA 2018-12-13",55,1.4,"Alive",NA,NA,"OK","Axial",24,1,"pump","Axial","Axial","Axial blankvoorn","blankvoorn 2018-12-13","blankvoorn",1,0,0,0,NA,"Axial","Class_3.7",0
"319",2018-12-13,2018-12-13,NA,"roach","NA 2018-12-13",61,2.9,"Alive",NA,NA,"OK","Axial",25,1,"pump","Axial","Axial","Axial blankvoorn","blankvoorn 2018-12-13","blankvoorn",1,0,0,0,NA,"Axial","Class_3.7",0
"320",2018-12-12,2018-12-12,NA,"roach","NA 2018-12-12",108,22.4,"Dead",NA,NA,"OK","Axial",26,1,"pump","Axial","Axial","Axial blankvoorn","blankvoorn 2018-12-12","blankvoorn",0,0,1,0,NA,"Axial","Class_3.7",0
"321",2018-12-12,2018-12-12,NA,"roach","NA 2018-12-12",158,59,"Dead",NA,NA,"OK","Axial",27,2,"pump","Axial","Axial","Axial blankvoorn","blankvoorn 2018-12-12","blankvoorn",0,0,1,0,NA,"Axial","Class_3.7",0
"322",2018-12-12,2018-12-12,NA,"roach","NA 2018-12-12",59,1.4,"Dead",NA,NA,"OK","Axial",28,1,"pump","Axial","Axial","Axial blankvoorn","blankvoorn 2018-12-12","blankvoorn",0,0,1,0,NA,"Axial","Class_3.7",0
"323",2018-12-12,2018-12-12,NA,"roach","NA 2018-12-12",104,13.1,"Dead",NA,NA,"OK","Axial",29,1,"pump","Axial","Axial","Axial blankvoorn","blankvoorn 2018-12-12","blankvoorn",0,0,1,0,NA,"Axial","Class_3.7",0
"324",2018-12-12,2018-12-12,NA,"roach","NA 2018-12-12",75,3.8,"Dead",NA,NA,"OK","Axial",30,2,"pump","Axial","Axial","Axial blankvoorn","blankvoorn 2018-12-12","blankvoorn",0,0,1,0,NA,"Axial","Class_3.7",0
"325",2018-12-12,2018-12-12,NA,"roach","NA 2018-12-12",155,NA,"Dead",NA,NA,"OK","Axial",31,1,"pump","Axial","Axial","Axial blankvoorn","blankvoorn 2018-12-12","blankvoorn",0,0,1,0,NA,"Axial","Class_3.7",0
"326",2018-12-12,2018-12-12,NA,"roach","NA 2018-12-12",95,NA,"Dead",NA,NA,"OK","Axial",32,1,"pump","Axial","Axial","Axial blankvoorn","blankvoorn 2018-12-12","blankvoorn",0,0,1,0,NA,"Axial","Class_3.7",0
"327",2018-12-12,2018-12-12,NA,"roach","NA 2018-12-12",105,NA,"Dead",NA,NA,"OK","Axial",33,1,"pump","Axial","Axial","Axial blankvoorn","blankvoorn 2018-12-12","blankvoorn",0,0,1,0,NA,"Axial","Class_3.7",0
"328",2018-12-12,2018-12-12,NA,"roach","NA 2018-12-12",65,NA,"Dead",NA,NA,"OK","Axial",34,1,"pump","Axial","Axial","Axial blankvoorn","blankvoorn 2018-12-12","blankvoorn",0,0,1,0,NA,"Axial","Class_3.7",0
"329",2018-12-12,2018-12-12,NA,"roach","NA 2018-12-12",60,NA,"Dead",NA,NA,"OK","Axial",35,1,"pump","Axial","Axial","Axial blankvoorn","blankvoorn 2018-12-12","blankvoorn",0,0,1,0,NA,"Axial","Class_3.7",0
"330",2018-12-12,2018-12-12,NA,"roach","NA 2018-12-12",57,1,"Dead",NA,NA,"OK","Axial",37,1,"pump","Axial","Axial","Axial blankvoorn","blankvoorn 2018-12-12","blankvoorn",0,0,1,0,NA,"Axial","Class_3.7",0
"331",2018-12-12,2018-12-12,NA,"roach","NA 2018-12-12",55,1.8,"Alive",NA,NA,"OK","Axial",38,1,"pump","Axial","Axial","Axial blankvoorn","blankvoorn 2018-12-12","blankvoorn",1,0,0,0,NA,"Axial","Class_3.7",0
"332",2018-12-12,2018-12-12,NA,"roach","NA 2018-12-12",88,11.3,"Alive",NA,NA,"OK","Axial",39,1,"pump","Axial","Axial","Axial blankvoorn","blankvoorn 2018-12-12","blankvoorn",0,1,0,0,NA,"Axial","Class_3.7",0
"333",2018-12-12,2018-12-12,NA,"roach","NA 2018-12-12",62,2.1,"Alive",NA,NA,"OK","Axial",40,1,"pump","Axial","Axial","Axial blankvoorn","blankvoorn 2018-12-12","blankvoorn",0,1,0,0,NA,"Axial","Class_3.7",0
"334",2018-12-12,2018-12-12,NA,"roach","NA 2018-12-12",55,1.6,"Alive",NA,NA,"OK","Axial",41,1,"pump","Axial","Axial","Axial blankvoorn","blankvoorn 2018-12-12","blankvoorn",1,0,0,0,NA,"Axial","Class_3.7",0
"335",2018-12-12,2018-12-12,NA,"roach","NA 2018-12-12",63,2.4,"Alive",NA,NA,"OK","Axial",42,1,"pump","Axial","Axial","Axial blankvoorn","blankvoorn 2018-12-12","blankvoorn",0,1,0,0,NA,"Axial","Class_3.7",0
"336",2018-12-12,2018-12-12,NA,"roach","NA 2018-12-12",54,1.6,"Alive",NA,NA,"OK","Axial",43,1,"pump","Axial","Axial","Axial blankvoorn","blankvoorn 2018-12-12","blankvoorn",0,1,0,0,NA,"Axial","Class_3.7",0
"337",2018-12-12,2018-12-12,NA,"roach","NA 2018-12-12",61,2.7,"Alive",NA,NA,"OK","Axial",44,1,"pump","Axial","Axial","Axial blankvoorn","blankvoorn 2018-12-12","blankvoorn",0,1,0,0,NA,"Axial","Class_3.7",0
"338",2018-12-12,2018-12-12,NA,"roach","NA 2018-12-12",52,1.5,"Alive",NA,NA,"OK","Axial",45,1,"pump","Axial","Axial","Axial blankvoorn","blankvoorn 2018-12-12","blankvoorn",1,0,0,0,NA,"Axial","Class_3.7",0
"339",2018-12-12,2018-12-12,NA,"roach","NA 2018-12-12",93,9.8,"Alive",NA,NA,"OK","Axial",46,1,"pump","Axial","Axial","Axial blankvoorn","blankvoorn 2018-12-12","blankvoorn",1,0,0,0,NA,"Axial","Class_3.7",0
"340",2018-12-12,2018-12-12,NA,"roach","NA 2018-12-12",54,1.4,"Dead",NA,NA,"OK","Axial",47,1,"pump","Axial","Axial","Axial blankvoorn","blankvoorn 2018-12-12","blankvoorn",0,0,1,0,NA,"Axial","Class_3.7",0
"341",2018-12-12,2018-12-12,NA,"roach","NA 2018-12-12",46,0.8,"Alive",NA,NA,"OK","Axial",48,1,"pump","Axial","Axial","Axial blankvoorn","blankvoorn 2018-12-12","blankvoorn",1,0,0,0,NA,"Axial","Class_3.7",0
"342",2018-12-13,2018-12-13,NA,"roach","NA 2018-12-13",53,1.8,"Dead",NA,NA,"OK","Axial",10,1,"pump","Axial","Axial","Axial blankvoorn","blankvoorn 2018-12-13","blankvoorn",0,0,1,0,NA,"Axial","Class_4",0
"343",2018-12-13,2018-12-13,NA,"roach","NA 2018-12-13",42,NA,"Dead",NA,NA,"OK","Axial",11,1,"pump","Axial","Axial","Axial blankvoorn","blankvoorn 2018-12-13","blankvoorn",0,0,1,0,NA,"Axial","Class_4",0
"344",2018-12-13,2018-12-13,NA,"roach","NA 2018-12-13",87,9.4,"Dead",NA,NA,"OK","Axial",12,2,"pump","Axial","Axial","Axial blankvoorn","blankvoorn 2018-12-13","blankvoorn",0,0,1,0,NA,"Axial","Class_4",0
"345",2018-12-13,2018-12-13,NA,"roach","NA 2018-12-13",43,0.6,"Dead",NA,NA,"OK","Axial",14,1,"pump","Axial","Axial","Axial blankvoorn","blankvoorn 2018-12-13","blankvoorn",0,0,1,0,NA,"Axial","Class_4",0
"346",2018-12-13,2018-12-13,NA,"roach","NA 2018-12-13",55,2,"Alive",NA,NA,"OK","Axial",15,1,"pump","Axial","Axial","Axial blankvoorn","blankvoorn 2018-12-13","blankvoorn",1,0,0,0,NA,"Axial","Class_4",0
"347",2018-12-13,2018-12-13,NA,"roach","NA 2018-12-13",45,0.9,"Dead",NA,NA,"OK","Axial",19,1,"pump","Axial","Axial","Axial blankvoorn","blankvoorn 2018-12-13","blankvoorn",0,0,1,0,NA,"Axial","Class_4",0
"348",2018-12-13,2018-12-13,NA,"roach","NA 2018-12-13",87,8.9,"Alive",NA,NA,"OK","Axial",21,1,"pump","Axial","Axial","Axial blankvoorn","blankvoorn 2018-12-13","blankvoorn",1,0,0,0,NA,"Axial","Class_4",0
"349",2018-12-13,2018-12-13,NA,"roach","NA 2018-12-13",55,1.4,"Alive",NA,NA,"OK","Axial",24,1,"pump","Axial","Axial","Axial blankvoorn","blankvoorn 2018-12-13","blankvoorn",1,0,0,0,NA,"Axial","Class_4",0
"350",2018-12-13,2018-12-13,NA,"roach","NA 2018-12-13",61,2.9,"Alive",NA,NA,"OK","Axial",25,1,"pump","Axial","Axial","Axial blankvoorn","blankvoorn 2018-12-13","blankvoorn",1,0,0,0,NA,"Axial","Class_4",0
"351",2018-12-12,2018-12-12,NA,"roach","NA 2018-12-12",108,22.4,"Dead",NA,NA,"OK","Axial",26,1,"pump","Axial","Axial","Axial blankvoorn","blankvoorn 2018-12-12","blankvoorn",0,0,1,0,NA,"Axial","Class_4",0
"352",2018-12-12,2018-12-12,NA,"roach","NA 2018-12-12",158,59,"Dead",NA,NA,"OK","Axial",27,2,"pump","Axial","Axial","Axial blankvoorn","blankvoorn 2018-12-12","blankvoorn",0,0,1,0,NA,"Axial","Class_4",0
"353",2018-12-12,2018-12-12,NA,"roach","NA 2018-12-12",59,1.4,"Dead",NA,NA,"OK","Axial",28,1,"pump","Axial","Axial","Axial blankvoorn","blankvoorn 2018-12-12","blankvoorn",0,0,1,0,NA,"Axial","Class_4",0
"354",2018-12-12,2018-12-12,NA,"roach","NA 2018-12-12",104,13.1,"Dead",NA,NA,"OK","Axial",29,1,"pump","Axial","Axial","Axial blankvoorn","blankvoorn 2018-12-12","blankvoorn",0,0,1,0,NA,"Axial","Class_4",0
"355",2018-12-12,2018-12-12,NA,"roach","NA 2018-12-12",75,3.8,"Dead",NA,NA,"OK","Axial",30,2,"pump","Axial","Axial","Axial blankvoorn","blankvoorn 2018-12-12","blankvoorn",0,0,1,0,NA,"Axial","Class_4",0
"356",2018-12-12,2018-12-12,NA,"roach","NA 2018-12-12",155,NA,"Dead",NA,NA,"OK","Axial",31,1,"pump","Axial","Axial","Axial blankvoorn","blankvoorn 2018-12-12","blankvoorn",0,0,1,0,NA,"Axial","Class_4",0
"357",2018-12-12,2018-12-12,NA,"roach","NA 2018-12-12",95,NA,"Dead",NA,NA,"OK","Axial",32,1,"pump","Axial","Axial","Axial blankvoorn","blankvoorn 2018-12-12","blankvoorn",0,0,1,0,NA,"Axial","Class_4",0
"358",2018-12-12,2018-12-12,NA,"roach","NA 2018-12-12",105,NA,"Dead",NA,NA,"OK","Axial",33,1,"pump","Axial","Axial","Axial blankvoorn","blankvoorn 2018-12-12","blankvoorn",0,0,1,0,NA,"Axial","Class_4",0
"359",2018-12-12,2018-12-12,NA,"roach","NA 2018-12-12",65,NA,"Dead",NA,NA,"OK","Axial",34,1,"pump","Axial","Axial","Axial blankvoorn","blankvoorn 2018-12-12","blankvoorn",0,0,1,0,NA,"Axial","Class_4",0
"360",2018-12-12,2018-12-12,NA,"roach","NA 2018-12-12",60,NA,"Dead",NA,NA,"OK","Axial",35,1,"pump","Axial","Axial","Axial blankvoorn","blankvoorn 2018-12-12","blankvoorn",0,0,1,0,NA,"Axial","Class_4",0
"361",2018-12-12,2018-12-12,NA,"roach","NA 2018-12-12",57,1,"Dead",NA,NA,"OK","Axial",37,1,"pump","Axial","Axial","Axial blankvoorn","blankvoorn 2018-12-12","blankvoorn",0,0,1,0,NA,"Axial","Class_4",0
"362",2018-12-12,2018-12-12,NA,"roach","NA 2018-12-12",55,1.8,"Alive",NA,NA,"OK","Axial",38,1,"pump","Axial","Axial","Axial blankvoorn","blankvoorn 2018-12-12","blankvoorn",1,0,0,0,NA,"Axial","Class_4",0
"363",2018-12-12,2018-12-12,NA,"roach","NA 2018-12-12",88,11.3,"Alive",NA,NA,"OK","Axial",39,1,"pump","Axial","Axial","Axial blankvoorn","blankvoorn 2018-12-12","blankvoorn",0,1,0,0,NA,"Axial","Class_4",0
"364",2018-12-12,2018-12-12,NA,"roach","NA 2018-12-12",62,2.1,"Alive",NA,NA,"OK","Axial",40,1,"pump","Axial","Axial","Axial blankvoorn","blankvoorn 2018-12-12","blankvoorn",0,1,0,0,NA,"Axial","Class_4",0
"365",2018-12-12,2018-12-12,NA,"roach","NA 2018-12-12",55,1.6,"Alive",NA,NA,"OK","Axial",41,1,"pump","Axial","Axial","Axial blankvoorn","blankvoorn 2018-12-12","blankvoorn",1,0,0,0,NA,"Axial","Class_4",0
"366",2018-12-12,2018-12-12,NA,"roach","NA 2018-12-12",63,2.4,"Alive",NA,NA,"OK","Axial",42,1,"pump","Axial","Axial","Axial blankvoorn","blankvoorn 2018-12-12","blankvoorn",0,1,0,0,NA,"Axial","Class_4",0
"367",2018-12-12,2018-12-12,NA,"roach","NA 2018-12-12",54,1.6,"Alive",NA,NA,"OK","Axial",43,1,"pump","Axial","Axial","Axial blankvoorn","blankvoorn 2018-12-12","blankvoorn",0,1,0,0,NA,"Axial","Class_4",0
"368",2018-12-12,2018-12-12,NA,"roach","NA 2018-12-12",61,2.7,"Alive",NA,NA,"OK","Axial",44,1,"pump","Axial","Axial","Axial blankvoorn","blankvoorn 2018-12-12","blankvoorn",0,1,0,0,NA,"Axial","Class_4",0
"369",2018-12-12,2018-12-12,NA,"roach","NA 2018-12-12",52,1.5,"Alive",NA,NA,"OK","Axial",45,1,"pump","Axial","Axial","Axial blankvoorn","blankvoorn 2018-12-12","blankvoorn",1,0,0,0,NA,"Axial","Class_4",0
"370",2018-12-12,2018-12-12,NA,"roach","NA 2018-12-12",93,9.8,"Alive",NA,NA,"OK","Axial",46,1,"pump","Axial","Axial","Axial blankvoorn","blankvoorn 2018-12-12","blankvoorn",1,0,0,0,NA,"Axial","Class_4",0
"371",2018-12-12,2018-12-12,NA,"roach","NA 2018-12-12",54,1.4,"Dead",NA,NA,"OK","Axial",47,1,"pump","Axial","Axial","Axial blankvoorn","blankvoorn 2018-12-12","blankvoorn",0,0,1,0,NA,"Axial","Class_4",0
"372",2018-12-12,2018-12-12,NA,"roach","NA 2018-12-12",46,0.8,"Alive",NA,NA,"OK","Axial",48,1,"pump","Axial","Axial","Axial blankvoorn","blankvoorn 2018-12-12","blankvoorn",1,0,0,0,NA,"Axial","Class_4",0
